/*
 Navicat Premium Data Transfer

 Source Server         : MySQL5.7
 Source Server Type    : MySQL
 Source Server Version : 50738
 Source Host           : localhost:3309
 Source Schema         : ACM

 Target Server Type    : MySQL
 Target Server Version : 50738
 File Encoding         : 65001

 Date: 25/06/2022 12:20:43
*/

SET NAMES utf8mb4;
SET FOREIGN_KEY_CHECKS = 0;

-- ----------------------------
-- Table structure for message
-- ----------------------------
DROP TABLE IF EXISTS `message`;
CREATE TABLE `message` (
  `id` bigint(20) NOT NULL AUTO_INCREMENT COMMENT 'ID',
  `content` text CHARACTER SET utf8mb4 COMMENT '内容',
  `username` varchar(255) COLLATE utf8mb4_unicode_ci DEFAULT NULL COMMENT '评论人',
  `time` varchar(255) CHARACTER SET utf8mb4 DEFAULT NULL COMMENT '评论时间',
  `parent_id` bigint(20) DEFAULT NULL COMMENT '父ID',
  `foreign_id` bigint(20) DEFAULT '0' COMMENT '关联id',
  PRIMARY KEY (`id`) USING BTREE
) ENGINE=InnoDB AUTO_INCREMENT=31 DEFAULT CHARSET=utf8mb4 COLLATE=utf8mb4_unicode_ci ROW_FORMAT=DYNAMIC COMMENT='留言表';

-- ----------------------------
-- Records of message
-- ----------------------------
BEGIN;
INSERT INTO `message` (`id`, `content`, `username`, `time`, `parent_id`, `foreign_id`) VALUES (29, '小连是傻逼', 'zhang', '2022-06-17 17:40:13', NULL, 0);
INSERT INTO `message` (`id`, `content`, `username`, `time`, `parent_id`, `foreign_id`) VALUES (30, '确实', 'admin', '2022-06-17 17:40:24', 29, 0);
COMMIT;

-- ----------------------------
-- Table structure for news
-- ----------------------------
DROP TABLE IF EXISTS `news`;
CREATE TABLE `news` (
  `id` int(11) NOT NULL AUTO_INCREMENT COMMENT 'ID',
  `title` varchar(255) COLLATE utf8mb4_unicode_ci DEFAULT NULL COMMENT '标题',
  `content` text COLLATE utf8mb4_unicode_ci COMMENT '内容',
  `author` varchar(255) COLLATE utf8mb4_unicode_ci DEFAULT NULL COMMENT '作者',
  `time` datetime DEFAULT NULL COMMENT '发布时间',
  PRIMARY KEY (`id`) USING BTREE
) ENGINE=InnoDB AUTO_INCREMENT=11 DEFAULT CHARSET=utf8mb4 COLLATE=utf8mb4_unicode_ci ROW_FORMAT=DYNAMIC;

-- ----------------------------
-- Records of news
-- ----------------------------
BEGIN;
INSERT INTO `news` (`id`, `title`, `content`, `author`, `time`) VALUES (6, '2022-6-第一周刷题计划', '<p>题号 5160-5190</p>', '管理员', '2021-09-05 22:28:25');
INSERT INTO `news` (`id`, `title`, `content`, `author`, `time`) VALUES (10, '2022-7-第二周刷题计划', '<p>题号 6009-6980</p>', '管理员', '2022-06-17 18:40:36');
COMMIT;

-- ----------------------------
-- Table structure for permission
-- ----------------------------
DROP TABLE IF EXISTS `permission`;
CREATE TABLE `permission` (
  `id` int(11) NOT NULL AUTO_INCREMENT COMMENT 'id',
  `name` varchar(50) COLLATE utf8mb4_unicode_ci DEFAULT NULL COMMENT '名称',
  `path` varchar(50) COLLATE utf8mb4_unicode_ci DEFAULT NULL COMMENT '资源路径',
  `comment` varchar(255) COLLATE utf8mb4_unicode_ci DEFAULT NULL COMMENT '备注',
  `icon` varchar(20) COLLATE utf8mb4_unicode_ci DEFAULT NULL COMMENT '图标',
  PRIMARY KEY (`id`) USING BTREE
) ENGINE=InnoDB AUTO_INCREMENT=16 DEFAULT CHARSET=utf8mb4 COLLATE=utf8mb4_unicode_ci ROW_FORMAT=DYNAMIC;

-- ----------------------------
-- Records of permission
-- ----------------------------
BEGIN;
INSERT INTO `permission` (`id`, `name`, `path`, `comment`, `icon`) VALUES (1, 'Home', '/home', '主页', 'el-icon-house');
INSERT INTO `permission` (`id`, `name`, `path`, `comment`, `icon`) VALUES (2, 'News', '/news', '通知', 'el-icon-news');
INSERT INTO `permission` (`id`, `name`, `path`, `comment`, `icon`) VALUES (3, 'Im', '/im', '聊天室', 'el-icon-chat-round');
INSERT INTO `permission` (`id`, `name`, `path`, `comment`, `icon`) VALUES (4, 'Order', '/order', '题目列表', 'el-icon-s-order');
INSERT INTO `permission` (`id`, `name`, `path`, `comment`, `icon`) VALUES (6, 'User', '/user', '用户管理', 'el-icon-user');
INSERT INTO `permission` (`id`, `name`, `path`, `comment`, `icon`) VALUES (8, 'Message', '/message', '在线留言', 'el-icon-message');
INSERT INTO `permission` (`id`, `name`, `path`, `comment`, `icon`) VALUES (9, 'Map', '/map', '百度地图', 'el-icon-map-location');
INSERT INTO `permission` (`id`, `name`, `path`, `comment`, `icon`) VALUES (10, 'Permission', '/permisssion', '权限菜单', 'el-icon-menu');
INSERT INTO `permission` (`id`, `name`, `path`, `comment`, `icon`) VALUES (11, 'Role', '/role', '角色管理', 'el-icon-s-custom');
INSERT INTO `permission` (`id`, `name`, `path`, `comment`, `icon`) VALUES (12, 'Category', '/category', '分类管理', 'el-icon-menu');
INSERT INTO `permission` (`id`, `name`, `path`, `comment`, `icon`) VALUES (13, 'Person', '/person', '个人信息', '');
INSERT INTO `permission` (`id`, `name`, `path`, `comment`, `icon`) VALUES (14, 'Password', '/password', '修改密码', NULL);
INSERT INTO `permission` (`id`, `name`, `path`, `comment`, `icon`) VALUES (15, '学生管理', '/student', '学生管理', NULL);
COMMIT;

-- ----------------------------
-- Table structure for role
-- ----------------------------
DROP TABLE IF EXISTS `role`;
CREATE TABLE `role` (
  `id` int(11) NOT NULL AUTO_INCREMENT COMMENT 'ID',
  `name` varchar(50) COLLATE utf8mb4_unicode_ci DEFAULT NULL COMMENT '名称',
  `comment` varchar(255) COLLATE utf8mb4_unicode_ci DEFAULT NULL COMMENT '备注',
  PRIMARY KEY (`id`) USING BTREE
) ENGINE=InnoDB AUTO_INCREMENT=3 DEFAULT CHARSET=utf8mb4 COLLATE=utf8mb4_unicode_ci ROW_FORMAT=DYNAMIC;

-- ----------------------------
-- Records of role
-- ----------------------------
BEGIN;
INSERT INTO `role` (`id`, `name`, `comment`) VALUES (1, 'admin', '管理员');
INSERT INTO `role` (`id`, `name`, `comment`) VALUES (2, 'user', '普通用户');
COMMIT;

-- ----------------------------
-- Table structure for role_permission
-- ----------------------------
DROP TABLE IF EXISTS `role_permission`;
CREATE TABLE `role_permission` (
  `role_id` int(11) NOT NULL COMMENT '角色id',
  `permission_id` int(11) NOT NULL COMMENT '资源id',
  PRIMARY KEY (`role_id`,`permission_id`) USING BTREE
) ENGINE=InnoDB DEFAULT CHARSET=utf8mb4 COLLATE=utf8mb4_unicode_ci ROW_FORMAT=DYNAMIC;

-- ----------------------------
-- Records of role_permission
-- ----------------------------
BEGIN;
INSERT INTO `role_permission` (`role_id`, `permission_id`) VALUES (1, 1);
INSERT INTO `role_permission` (`role_id`, `permission_id`) VALUES (1, 2);
INSERT INTO `role_permission` (`role_id`, `permission_id`) VALUES (1, 3);
INSERT INTO `role_permission` (`role_id`, `permission_id`) VALUES (1, 4);
INSERT INTO `role_permission` (`role_id`, `permission_id`) VALUES (1, 6);
INSERT INTO `role_permission` (`role_id`, `permission_id`) VALUES (1, 8);
INSERT INTO `role_permission` (`role_id`, `permission_id`) VALUES (1, 9);
INSERT INTO `role_permission` (`role_id`, `permission_id`) VALUES (1, 10);
INSERT INTO `role_permission` (`role_id`, `permission_id`) VALUES (1, 11);
INSERT INTO `role_permission` (`role_id`, `permission_id`) VALUES (1, 13);
INSERT INTO `role_permission` (`role_id`, `permission_id`) VALUES (1, 14);
INSERT INTO `role_permission` (`role_id`, `permission_id`) VALUES (2, 1);
INSERT INTO `role_permission` (`role_id`, `permission_id`) VALUES (2, 2);
INSERT INTO `role_permission` (`role_id`, `permission_id`) VALUES (2, 3);
INSERT INTO `role_permission` (`role_id`, `permission_id`) VALUES (2, 4);
INSERT INTO `role_permission` (`role_id`, `permission_id`) VALUES (2, 8);
INSERT INTO `role_permission` (`role_id`, `permission_id`) VALUES (2, 9);
INSERT INTO `role_permission` (`role_id`, `permission_id`) VALUES (2, 13);
INSERT INTO `role_permission` (`role_id`, `permission_id`) VALUES (2, 14);
COMMIT;

-- ----------------------------
-- Table structure for t_order
-- ----------------------------
DROP TABLE IF EXISTS `t_order`;
CREATE TABLE `t_order` (
  `id` int(11) NOT NULL AUTO_INCREMENT COMMENT 'id',
  `name` varchar(255) COLLATE utf8mb4_unicode_ci DEFAULT NULL COMMENT '名称',
  `broad_knowledge` varchar(255) COLLATE utf8mb4_unicode_ci DEFAULT NULL COMMENT '大类知识点',
  `subdivision_knowledge` varchar(255) COLLATE utf8mb4_unicode_ci DEFAULT NULL COMMENT '细分知识点',
  `hard` varchar(255) COLLATE utf8mb4_unicode_ci DEFAULT NULL COMMENT '难度',
  `master` varchar(255) COLLATE utf8mb4_unicode_ci DEFAULT NULL COMMENT '掌握程度',
  PRIMARY KEY (`id`) USING BTREE
) ENGINE=InnoDB AUTO_INCREMENT=6368 DEFAULT CHARSET=utf8mb4 COLLATE=utf8mb4_unicode_ci ROW_FORMAT=DYNAMIC;

-- ----------------------------
-- Records of t_order
-- ----------------------------
BEGIN;
INSERT INTO `t_order` (`id`, `name`, `broad_knowledge`, `subdivision_knowledge`, `hard`, `master`) VALUES (5106, 'https://vjudge.net/problem/POJ-3614', '算法', '贪心', '3', '基础');
INSERT INTO `t_order` (`id`, `name`, `broad_knowledge`, `subdivision_knowledge`, `hard`, `master`) VALUES (5107, 'https://vjudge.net/problem/HDU-6709', '算法', '贪心 思维', '3', '基础');
INSERT INTO `t_order` (`id`, `name`, `broad_knowledge`, `subdivision_knowledge`, `hard`, `master`) VALUES (5108, 'https://vjudge.net/problem/HDU-6083', '动态规划', '背包', '3', '基础');
INSERT INTO `t_order` (`id`, `name`, `broad_knowledge`, `subdivision_knowledge`, `hard`, `master`) VALUES (5109, 'https://vjudge.net/problem/UVA-624', '动态规划', '背包', '2', '基础');
INSERT INTO `t_order` (`id`, `name`, `broad_knowledge`, `subdivision_knowledge`, `hard`, `master`) VALUES (5110, 'https://vjudge.net/problem/POJ-3252', '动态规划', '数位DP', '3', '分类基础');
INSERT INTO `t_order` (`id`, `name`, `broad_knowledge`, `subdivision_knowledge`, `hard`, `master`) VALUES (5111, 'https://vjudge.net/problem/HDU-3652', '动态规划', '数位DP', '3', '分类基础');
INSERT INTO `t_order` (`id`, `name`, `broad_knowledge`, `subdivision_knowledge`, `hard`, `master`) VALUES (5112, 'https://vjudge.net/problem/LightOJ-1068', '动态规划', '数位DP', '3', '分类基础');
INSERT INTO `t_order` (`id`, `name`, `broad_knowledge`, `subdivision_knowledge`, `hard`, `master`) VALUES (5113, 'https://vjudge.net/problem/POJ-1830', '数学', '异或高斯消元', '4', '分类中级');
INSERT INTO `t_order` (`id`, `name`, `broad_knowledge`, `subdivision_knowledge`, `hard`, `master`) VALUES (5115, 'https://vjudge.net/problem/POJ-3585', '动态规划', '树形DP', '3', '分类基础');
INSERT INTO `t_order` (`id`, `name`, `broad_knowledge`, `subdivision_knowledge`, `hard`, `master`) VALUES (5116, 'https://vjudge.net/problem/HDU-2196', '动态规划', '树形DP', '4', '分类中级');
INSERT INTO `t_order` (`id`, `name`, `broad_knowledge`, `subdivision_knowledge`, `hard`, `master`) VALUES (5117, 'https://vjudge.net/problem/POJ-1704', '数学', 'Nim博弈', '3', '基础');
INSERT INTO `t_order` (`id`, `name`, `broad_knowledge`, `subdivision_knowledge`, `hard`, `master`) VALUES (5118, 'https://vjudge.net/problem/HDU-6892', '数学', '博弈论', '4', '分类中级');
INSERT INTO `t_order` (`id`, `name`, `broad_knowledge`, `subdivision_knowledge`, `hard`, `master`) VALUES (5119, 'https://vjudge.net/problem/POJ-2311', '数学', '博弈论 sg函数', '3', '基础');
INSERT INTO `t_order` (`id`, `name`, `broad_knowledge`, `subdivision_knowledge`, `hard`, `master`) VALUES (5120, 'https://vjudge.net/problem/HDU-3032', '数学', '博弈论 Nim博弈 sg函数', '3', '基础');
INSERT INTO `t_order` (`id`, `name`, `broad_knowledge`, `subdivision_knowledge`, `hard`, `master`) VALUES (5121, 'https://vjudge.net/problem/HDU-1848', '数学', '博弈论 sg函数', '3', '基础');
INSERT INTO `t_order` (`id`, `name`, `broad_knowledge`, `subdivision_knowledge`, `hard`, `master`) VALUES (5122, 'https://vjudge.net/problem/Gym-101981A', '数学', '博弈论 思维 对等博弈', '3', '分类基础');
INSERT INTO `t_order` (`id`, `name`, `broad_knowledge`, `subdivision_knowledge`, `hard`, `master`) VALUES (5123, 'https://vjudge.net/problem/HDU-6555', '数论', '整除分块', '2', '基础');
INSERT INTO `t_order` (`id`, `name`, `broad_knowledge`, `subdivision_knowledge`, `hard`, `master`) VALUES (5124, 'https://vjudge.net/problem/HDU-2824', '数论', '欧拉函数', '2', '基础');
INSERT INTO `t_order` (`id`, `name`, `broad_knowledge`, `subdivision_knowledge`, `hard`, `master`) VALUES (5125, 'https://vjudge.net/problem/HDU-1370', '数论', '中国剩余定理', '2', '分类基础');
INSERT INTO `t_order` (`id`, `name`, `broad_knowledge`, `subdivision_knowledge`, `hard`, `master`) VALUES (5126, 'https://nanti.jisuanke.com/t/42544', '数论', 'pollard_rho', '3', '分类基础');
INSERT INTO `t_order` (`id`, `name`, `broad_knowledge`, `subdivision_knowledge`, `hard`, `master`) VALUES (5127, 'https://vjudge.net/problem/CodeForces-1350C', '数论', '质因数分解 gcd', '3', '分类基础');
INSERT INTO `t_order` (`id`, `name`, `broad_knowledge`, `subdivision_knowledge`, `hard`, `master`) VALUES (5128, 'https://vjudge.net/problem/HDU-3949', '数论', '线性基', '2', '分类基础');
INSERT INTO `t_order` (`id`, `name`, `broad_knowledge`, `subdivision_knowledge`, `hard`, `master`) VALUES (5129, 'https://vjudge.net/problem/HDU-3949', '数论', '线性基', '2', '分类基础');
INSERT INTO `t_order` (`id`, `name`, `broad_knowledge`, `subdivision_knowledge`, `hard`, `master`) VALUES (5130, 'https://vjudge.net/problem/HihoCoder-1873', '算法', '思维 构造 斐波那契', '3', '基础');
INSERT INTO `t_order` (`id`, `name`, `broad_knowledge`, `subdivision_knowledge`, `hard`, `master`) VALUES (5131, 'https://vjudge.net/problem/HihoCoder-1878', '算法', '规律 模拟 大数', '3', '基础');
INSERT INTO `t_order` (`id`, `name`, `broad_knowledge`, `subdivision_knowledge`, `hard`, `master`) VALUES (5132, 'https://vjudge.net/problem/HihoCoder-1870', '图论', '拓扑排序', '2', '基础');
INSERT INTO `t_order` (`id`, `name`, `broad_knowledge`, `subdivision_knowledge`, `hard`, `master`) VALUES (5133, 'https://vjudge.net/problem/UVA-11752', '数论', '质因数分解', '2', '基础');
INSERT INTO `t_order` (`id`, `name`, `broad_knowledge`, `subdivision_knowledge`, `hard`, `master`) VALUES (5134, 'https://vjudge.net/problem/POJ-2478', '数论', '欧拉函数', '2', '基础');
INSERT INTO `t_order` (`id`, `name`, `broad_knowledge`, `subdivision_knowledge`, `hard`, `master`) VALUES (5135, 'https://vjudge.net/problem/SGU-106', '数论', 'exgcd', '3', '分类基础');
INSERT INTO `t_order` (`id`, `name`, `broad_knowledge`, `subdivision_knowledge`, `hard`, `master`) VALUES (5136, 'https://vjudge.net/problem/UVA-10200', '数论', '素数筛选 打表', '3', '基础');
INSERT INTO `t_order` (`id`, `name`, `broad_knowledge`, `subdivision_knowledge`, `hard`, `master`) VALUES (5137, 'https://vjudge.net/problem/UVA-11827', '数论', 'gcd', '1', '基础');
INSERT INTO `t_order` (`id`, `name`, `broad_knowledge`, `subdivision_knowledge`, `hard`, `master`) VALUES (5138, 'https://vjudge.net/problem/HDU-2161', '数论', '素数判定', '0', '基础');
INSERT INTO `t_order` (`id`, `name`, `broad_knowledge`, `subdivision_knowledge`, `hard`, `master`) VALUES (5139, 'https://vjudge.net/problem/POJ-2116', '数学', '斐波那契', '1', '基础');
INSERT INTO `t_order` (`id`, `name`, `broad_knowledge`, `subdivision_knowledge`, `hard`, `master`) VALUES (5140, 'https://vjudge.net/problem/POJ-2115', '数论', 'exgcd', '3', '分类基础');
INSERT INTO `t_order` (`id`, `name`, `broad_knowledge`, `subdivision_knowledge`, `hard`, `master`) VALUES (5141, 'https://vjudge.net/problem/POJ-1061', '数论', 'exgcd', '2', '基础');
INSERT INTO `t_order` (`id`, `name`, `broad_knowledge`, `subdivision_knowledge`, `hard`, `master`) VALUES (5142, 'https://vjudge.net/problem/UVA-11426', '数论', '欧拉函数 莫比乌斯反演', '3', '分类基础');
INSERT INTO `t_order` (`id`, `name`, `broad_knowledge`, `subdivision_knowledge`, `hard`, `master`) VALUES (5143, 'https://vjudge.net/problem/LightOJ-1138', '算法 数论', '二分 质因数分解', '3', '基础');
INSERT INTO `t_order` (`id`, `name`, `broad_knowledge`, `subdivision_knowledge`, `hard`, `master`) VALUES (5144, 'https://vjudge.net/problem/LightOJ-1197', '数论', '素数筛选 二次筛法', '2', '基础');
INSERT INTO `t_order` (`id`, `name`, `broad_knowledge`, `subdivision_knowledge`, `hard`, `master`) VALUES (5145, 'https://vjudge.net/problem/LightOJ-1213', '数学', '组合计数 快速幂', '2', '基础');
INSERT INTO `t_order` (`id`, `name`, `broad_knowledge`, `subdivision_knowledge`, `hard`, `master`) VALUES (5146, 'https://vjudge.net/problem/LightOJ-1214', '数学', '大数', '1', '基础');
INSERT INTO `t_order` (`id`, `name`, `broad_knowledge`, `subdivision_knowledge`, `hard`, `master`) VALUES (5147, 'https://vjudge.net/problem/LightOJ-1220', '数论', '质因数分解', '2', '基础');
INSERT INTO `t_order` (`id`, `name`, `broad_knowledge`, `subdivision_knowledge`, `hard`, `master`) VALUES (5148, 'https://vjudge.net/problem/LightOJ-1234', '数学', '调和级数 打表', '2', '基础');
INSERT INTO `t_order` (`id`, `name`, `broad_knowledge`, `subdivision_knowledge`, `hard`, `master`) VALUES (5149, 'https://vjudge.net/problem/LightOJ-1236', '数论 数学', '质因数分解 组合计数', '3', '基础');
INSERT INTO `t_order` (`id`, `name`, `broad_knowledge`, `subdivision_knowledge`, `hard`, `master`) VALUES (5150, 'https://vjudge.net/problem/LightOJ-1245', '数论', '整除分块', '1', '基础');
INSERT INTO `t_order` (`id`, `name`, `broad_knowledge`, `subdivision_knowledge`, `hard`, `master`) VALUES (5151, 'https://vjudge.net/problem/LightOJ-1259', '数论', '素数筛选', '0', '基础');
INSERT INTO `t_order` (`id`, `name`, `broad_knowledge`, `subdivision_knowledge`, `hard`, `master`) VALUES (5152, 'https://vjudge.net/problem/LightOJ-1282', '数论', '快速幂 思维', '1', '基础');
INSERT INTO `t_order` (`id`, `name`, `broad_knowledge`, `subdivision_knowledge`, `hard`, `master`) VALUES (5153, 'https://vjudge.net/problem/LightOJ-1336', '数论', '质因数分解', '1', '基础');
INSERT INTO `t_order` (`id`, `name`, `broad_knowledge`, `subdivision_knowledge`, `hard`, `master`) VALUES (5154, 'https://vjudge.net/problem/LightOJ-1341', '数论', '质因数分解 素数筛选', '2', '基础');
INSERT INTO `t_order` (`id`, `name`, `broad_knowledge`, `subdivision_knowledge`, `hard`, `master`) VALUES (5155, 'https://vjudge.net/problem/LightOJ-1356', '图论 数论', '二分图最大匹配 质因数分解', '3', '分类基础');
INSERT INTO `t_order` (`id`, `name`, `broad_knowledge`, `subdivision_knowledge`, `hard`, `master`) VALUES (5156, 'https://vjudge.net/problem/LightOJ-1370', '数论', '素数筛选 欧拉函数', '1', '基础');
INSERT INTO `t_order` (`id`, `name`, `broad_knowledge`, `subdivision_knowledge`, `hard`, `master`) VALUES (5157, 'https://vjudge.net/problem/POJ-1469', '图论', '二分图最大匹配', '1', '基础');
INSERT INTO `t_order` (`id`, `name`, `broad_knowledge`, `subdivision_knowledge`, `hard`, `master`) VALUES (5158, 'https://vjudge.net/problem/Gym-101981D', '算法', '模拟退火', '3', '分类基础');
INSERT INTO `t_order` (`id`, `name`, `broad_knowledge`, `subdivision_knowledge`, `hard`, `master`) VALUES (5159, 'https://vjudge.net/problem/Gym-101981E', '算法', '思维', '3', '基础');
INSERT INTO `t_order` (`id`, `name`, `broad_knowledge`, `subdivision_knowledge`, `hard`, `master`) VALUES (5160, 'https://vjudge.net/problem/POJ-2420', '算法', '模拟退火', '2', '基础');
INSERT INTO `t_order` (`id`, `name`, `broad_knowledge`, `subdivision_knowledge`, `hard`, `master`) VALUES (5161, 'https://vjudge.net/problem/HDU-2899', '算法', '模拟退火', '2', '基础');
INSERT INTO `t_order` (`id`, `name`, `broad_knowledge`, `subdivision_knowledge`, `hard`, `master`) VALUES (5162, 'https://nanti.jisuanke.com/t/A1956', '数论', '质因数分解 线性筛', '3', '分类基础');
INSERT INTO `t_order` (`id`, `name`, `broad_knowledge`, `subdivision_knowledge`, `hard`, `master`) VALUES (5163, 'https://vjudge.net/problem/POJ-2069', '算法', '模拟退火', '2', '基础');
INSERT INTO `t_order` (`id`, `name`, `broad_knowledge`, `subdivision_knowledge`, `hard`, `master`) VALUES (5164, 'https://vjudge.net/problem/HihoCoder-1871', '算法', '模拟 字符串 暴力', '2', '基础');
INSERT INTO `t_order` (`id`, `name`, `broad_knowledge`, `subdivision_knowledge`, `hard`, `master`) VALUES (5165, 'https://vjudge.net/problem/Gym-101981G', '数学', '打表 递推 找规律', '3', '基础');
INSERT INTO `t_order` (`id`, `name`, `broad_knowledge`, `subdivision_knowledge`, `hard`, `master`) VALUES (5166, 'https://vjudge.net/problem/Gym-101981J', '数论', '质因数分解 思维', '3', '基础');
INSERT INTO `t_order` (`id`, `name`, `broad_knowledge`, `subdivision_knowledge`, `hard`, `master`) VALUES (5167, 'https://vjudge.net/problem/Gym-101981K', '算法', '随机化', '4', '分类中级');
INSERT INTO `t_order` (`id`, `name`, `broad_knowledge`, `subdivision_knowledge`, `hard`, `master`) VALUES (5168, 'https://vjudge.net/problem/SPOJ-GIVEAWAY', '算法', '分块 暴力', '3', '基础');
INSERT INTO `t_order` (`id`, `name`, `broad_knowledge`, `subdivision_knowledge`, `hard`, `master`) VALUES (5169, 'https://vjudge.net/problem/LibreOJ-6280', '算法', '分块 暴力', '3', '基础');
INSERT INTO `t_order` (`id`, `name`, `broad_knowledge`, `subdivision_knowledge`, `hard`, `master`) VALUES (5170, 'https://vjudge.net/problem/Gym-102769G', '数学', '计数 思维', '3', '基础');
INSERT INTO `t_order` (`id`, `name`, `broad_knowledge`, `subdivision_knowledge`, `hard`, `master`) VALUES (5171, 'https://vjudge.net/problem/POJ-2777', '数据结构', '线段树', '3', '基础');
INSERT INTO `t_order` (`id`, `name`, `broad_knowledge`, `subdivision_knowledge`, `hard`, `master`) VALUES (5172, 'https://vjudge.net/problem/HDU-1698', '数据结构', '线段树', '3', '基础');
INSERT INTO `t_order` (`id`, `name`, `broad_knowledge`, `subdivision_knowledge`, `hard`, `master`) VALUES (5173, 'https://vjudge.net/problem/Gym-102769E', '算法 数据结构', '双指针 思维 树状数组 线段树', '3', '基础');
INSERT INTO `t_order` (`id`, `name`, `broad_knowledge`, `subdivision_knowledge`, `hard`, `master`) VALUES (5174, 'https://vjudge.net/problem/HDU-6514', '算法', '二维差分 二维前缀和', '2', '基础');
INSERT INTO `t_order` (`id`, `name`, `broad_knowledge`, `subdivision_knowledge`, `hard`, `master`) VALUES (5175, 'https://vjudge.net/problem/HDU-5950', '数学', '递推序列 矩阵快速幂', '3', '分类基础');
INSERT INTO `t_order` (`id`, `name`, `broad_knowledge`, `subdivision_knowledge`, `hard`, `master`) VALUES (5176, 'https://vjudge.net/problem/Gym-101955G', '算法', '思维 暴力', '3', '基础');
INSERT INTO `t_order` (`id`, `name`, `broad_knowledge`, `subdivision_knowledge`, `hard`, `master`) VALUES (5177, 'https://vjudge.net/problem/Gym-101955C', '数学', '思维 组合计数', '3', '基础');
INSERT INTO `t_order` (`id`, `name`, `broad_knowledge`, `subdivision_knowledge`, `hard`, `master`) VALUES (5178, 'https://vjudge.net/problem/Gym-101955J', '算法', '暴力', '1', '基础');
INSERT INTO `t_order` (`id`, `name`, `broad_knowledge`, `subdivision_knowledge`, `hard`, `master`) VALUES (5179, 'https://vjudge.net/problem/CodeForces-630J', '数学', 'gcd', '1', '基础');
INSERT INTO `t_order` (`id`, `name`, `broad_knowledge`, `subdivision_knowledge`, `hard`, `master`) VALUES (5180, 'https://vjudge.net/problem/51Nod-1165', '数论', '质因数分解 搜索 思维', '3', '分类基础');
INSERT INTO `t_order` (`id`, `name`, `broad_knowledge`, `subdivision_knowledge`, `hard`, `master`) VALUES (5181, 'https://vjudge.net/problem/HDU-1299', '数学', '因式分解 暴力', '2', '基础');
INSERT INTO `t_order` (`id`, `name`, `broad_knowledge`, `subdivision_knowledge`, `hard`, `master`) VALUES (5182, 'https://vjudge.net/problem/HDU-1712', '动态规划', '背包', '1', '基础');
INSERT INTO `t_order` (`id`, `name`, `broad_knowledge`, `subdivision_knowledge`, `hard`, `master`) VALUES (5183, 'https://vjudge.net/problem/HDU-1248', '动态规划', '背包', '1', '基础');
INSERT INTO `t_order` (`id`, `name`, `broad_knowledge`, `subdivision_knowledge`, `hard`, `master`) VALUES (5184, 'https://vjudge.net/problem/HDU-2955', '动态规划', '背包 思维', '2', '基础');
INSERT INTO `t_order` (`id`, `name`, `broad_knowledge`, `subdivision_knowledge`, `hard`, `master`) VALUES (5185, 'https://vjudge.net/problem/HDU-2602', '动态规划', '背包', '1', '基础');
INSERT INTO `t_order` (`id`, `name`, `broad_knowledge`, `subdivision_knowledge`, `hard`, `master`) VALUES (5186, 'https://vjudge.net/problem/HDU-6632', '数论', 'pohlig-hellman', '4', '分类高级');
INSERT INTO `t_order` (`id`, `name`, `broad_knowledge`, `subdivision_knowledge`, `hard`, `master`) VALUES (5187, 'https://vjudge.net/problem/HDU-3731', '数论', '离散对数 原根 扩展BSGS', '4', '分类高级');
INSERT INTO `t_order` (`id`, `name`, `broad_knowledge`, `subdivision_knowledge`, `hard`, `master`) VALUES (5188, 'https://vjudge.net/problem/51Nod-1123', '数论', 'BSGS 原根 exgcd', '5', '分类高级');
INSERT INTO `t_order` (`id`, `name`, `broad_knowledge`, `subdivision_knowledge`, `hard`, `master`) VALUES (5189, 'https://vjudge.net/problem/HDU-3930', '数论', 'BSGS 原根 exgcd', '4', '分类中级');
INSERT INTO `t_order` (`id`, `name`, `broad_knowledge`, `subdivision_knowledge`, `hard`, `master`) VALUES (5190, 'https://vjudge.net/problem/51Nod-1135', '数论', '原根', '3', '分类基础');
INSERT INTO `t_order` (`id`, `name`, `broad_knowledge`, `subdivision_knowledge`, `hard`, `master`) VALUES (5191, 'https://vjudge.net/problem/CodeForces-1418D', '算法', '思维 set', '3', '基础');
INSERT INTO `t_order` (`id`, `name`, `broad_knowledge`, `subdivision_knowledge`, `hard`, `master`) VALUES (5192, 'https://vjudge.net/problem/CodeForces-665F', '数论', '亚线性筛 min_25筛', '4', '分类基础');
INSERT INTO `t_order` (`id`, `name`, `broad_knowledge`, `subdivision_knowledge`, `hard`, `master`) VALUES (5193, 'https://vjudge.net/problem/HDU-5901', '数论', '亚线性筛 min_25筛', '4', '分类基础');
INSERT INTO `t_order` (`id`, `name`, `broad_knowledge`, `subdivision_knowledge`, `hard`, `master`) VALUES (5194, 'https://vjudge.net/problem/HDU-4135', '数论 数学', '质因数分解 容斥定理', '3', '基础');
INSERT INTO `t_order` (`id`, `name`, `broad_knowledge`, `subdivision_knowledge`, `hard`, `master`) VALUES (5195, 'https://vjudge.net/problem/HDU-2841', '数论 数学', '质因数分解 容斥定理 莫比乌斯反演', '3', '分类基础');
INSERT INTO `t_order` (`id`, `name`, `broad_knowledge`, `subdivision_knowledge`, `hard`, `master`) VALUES (5196, 'https://vjudge.net/problem/HDU-1695', '数论 数学', '莫比乌斯反演 容斥定理', '3', '分类基础');
INSERT INTO `t_order` (`id`, `name`, `broad_knowledge`, `subdivision_knowledge`, `hard`, `master`) VALUES (5197, 'https://vjudge.net/problem/POJ-2796', '算法', '单调栈', '2', '基础');
INSERT INTO `t_order` (`id`, `name`, `broad_knowledge`, `subdivision_knowledge`, `hard`, `master`) VALUES (5198, 'https://vjudge.net/problem/HDU-6228', '图论', '思维 树的染色', '3', '基础');
INSERT INTO `t_order` (`id`, `name`, `broad_knowledge`, `subdivision_knowledge`, `hard`, `master`) VALUES (5199, 'https://vjudge.net/problem/LibreOJ-6682', '数论', '莫比乌斯反演 min_25筛', '4', '分类中级');
INSERT INTO `t_order` (`id`, `name`, `broad_knowledge`, `subdivision_knowledge`, `hard`, `master`) VALUES (5200, 'https://vjudge.net/problem/HDU-6889', '数论', '亚线性筛 min_25筛', '4', '分类基础');
INSERT INTO `t_order` (`id`, `name`, `broad_knowledge`, `subdivision_knowledge`, `hard`, `master`) VALUES (5201, 'https://vjudge.net/problem/LibreOJ-6053', '数论', 'min_25筛', '4', '分类中级');
INSERT INTO `t_order` (`id`, `name`, `broad_knowledge`, `subdivision_knowledge`, `hard`, `master`) VALUES (5202, 'https://vjudge.net/problem/LibreOJ-6235', '数论', '亚线性筛 min_25筛', '3', '分类基础');
INSERT INTO `t_order` (`id`, `name`, `broad_knowledge`, `subdivision_knowledge`, `hard`, `master`) VALUES (5203, 'https://vjudge.net/problem/51Nod-1168', '数论', '整除分块', '3', '基础');
INSERT INTO `t_order` (`id`, `name`, `broad_knowledge`, `subdivision_knowledge`, `hard`, `master`) VALUES (5204, 'https://vjudge.net/problem/51Nod-1192', '数论', '莫比乌斯反演', '4', '分类中级');
INSERT INTO `t_order` (`id`, `name`, `broad_knowledge`, `subdivision_knowledge`, `hard`, `master`) VALUES (5205, 'https://vjudge.net/problem/HDU-5949', '算法', '签到', '0', '基础');
INSERT INTO `t_order` (`id`, `name`, `broad_knowledge`, `subdivision_knowledge`, `hard`, `master`) VALUES (5206, 'https://vjudge.net/problem/HDU-5948', '算法', '签到', '0', '基础');
INSERT INTO `t_order` (`id`, `name`, `broad_knowledge`, `subdivision_knowledge`, `hard`, `master`) VALUES (5207, 'https://vjudge.net/problem/HDU-4676', '数论 数据结构', '莫比乌斯反演 莫队', '4', '分类中级');
INSERT INTO `t_order` (`id`, `name`, `broad_knowledge`, `subdivision_knowledge`, `hard`, `master`) VALUES (5208, 'https://vjudge.net/problem/HDU-6889', '数论', '亚线性筛 min_25筛', '3', '分类基础');
INSERT INTO `t_order` (`id`, `name`, `broad_knowledge`, `subdivision_knowledge`, `hard`, `master`) VALUES (5209, 'https://vjudge.net/problem/51Nod-1060', '数论', '反素数', '2', '分类基础');
INSERT INTO `t_order` (`id`, `name`, `broad_knowledge`, `subdivision_knowledge`, `hard`, `master`) VALUES (5210, 'https://vjudge.net/problem/HDU-4542', '数论', '反素数', '3', '分类基础');
INSERT INTO `t_order` (`id`, `name`, `broad_knowledge`, `subdivision_knowledge`, `hard`, `master`) VALUES (5211, 'https://vjudge.net/problem/CodeForces-27E', '数论', '反素数', '3', '分类基础');
INSERT INTO `t_order` (`id`, `name`, `broad_knowledge`, `subdivision_knowledge`, `hard`, `master`) VALUES (5212, 'https://vjudge.net/problem/POJ-1845', '数论', '质因数分解 快速幂 逆元', '3', '基础');
INSERT INTO `t_order` (`id`, `name`, `broad_knowledge`, `subdivision_knowledge`, `hard`, `master`) VALUES (5213, 'https://vjudge.net/problem/POJ-1655', '动态规划', '树形DP', '2', '基础');
INSERT INTO `t_order` (`id`, `name`, `broad_knowledge`, `subdivision_knowledge`, `hard`, `master`) VALUES (5214, 'https://vjudge.net/problem/HDU-6227', '算法', '思维 模拟', '2', '基础');
INSERT INTO `t_order` (`id`, `name`, `broad_knowledge`, `subdivision_knowledge`, `hard`, `master`) VALUES (5215, 'https://vjudge.net/problem/HDU-6225', '数学', '大数 模拟', '2', '基础');
INSERT INTO `t_order` (`id`, `name`, `broad_knowledge`, `subdivision_knowledge`, `hard`, `master`) VALUES (5216, 'https://vjudge.net/problem/HDU-2136', '数论', '素数筛选', '1', '基础');
INSERT INTO `t_order` (`id`, `name`, `broad_knowledge`, `subdivision_knowledge`, `hard`, `master`) VALUES (5217, 'https://vjudge.net/problem/HDU-3823', '数论', '线性筛', '3', '基础');
INSERT INTO `t_order` (`id`, `name`, `broad_knowledge`, `subdivision_knowledge`, `hard`, `master`) VALUES (5218, 'https://vjudge.net/problem/HDU-1999', '数论', '素数筛选', '2', '基础');
INSERT INTO `t_order` (`id`, `name`, `broad_knowledge`, `subdivision_knowledge`, `hard`, `master`) VALUES (5219, 'https://vjudge.net/problem/CodeForces-114E', '数论', '二次筛法 费马定理', '3', '分类基础');
INSERT INTO `t_order` (`id`, `name`, `broad_knowledge`, `subdivision_knowledge`, `hard`, `master`) VALUES (5220, 'https://vjudge.net/problem/HDU-6222', '数学', '打表 大数', '3', '基础');
INSERT INTO `t_order` (`id`, `name`, `broad_knowledge`, `subdivision_knowledge`, `hard`, `master`) VALUES (5221, 'https://vjudge.net/problem/HDU-4335', '数论', '扩展欧拉定理 指数循环节 细节处理', '3', '分类基础');
INSERT INTO `t_order` (`id`, `name`, `broad_knowledge`, `subdivision_knowledge`, `hard`, `master`) VALUES (5222, 'https://vjudge.net/problem/HDU-2837', '数论', '欧拉降幂', '3', '基础');
INSERT INTO `t_order` (`id`, `name`, `broad_knowledge`, `subdivision_knowledge`, `hard`, `master`) VALUES (5223, 'https://vjudge.net/problem/FZU-1759', '数论', '欧拉降幂', '3', '基础');
INSERT INTO `t_order` (`id`, `name`, `broad_knowledge`, `subdivision_knowledge`, `hard`, `master`) VALUES (5224, 'https://vjudge.net/problem/51Nod-1106', '数论', '素数判定', '1', '基础');
INSERT INTO `t_order` (`id`, `name`, `broad_knowledge`, `subdivision_knowledge`, `hard`, `master`) VALUES (5225, 'https://vjudge.net/problem/POJ-2480', '数论', '欧拉函数', '3', '分类基础');
INSERT INTO `t_order` (`id`, `name`, `broad_knowledge`, `subdivision_knowledge`, `hard`, `master`) VALUES (5226, 'https://vjudge.net/problem/HDU-1792', '数论', 'gcd 剩余系', '3', '分类基础');
INSERT INTO `t_order` (`id`, `name`, `broad_knowledge`, `subdivision_knowledge`, `hard`, `master`) VALUES (5227, 'https://vjudge.net/problem/HDU-2582', '数论', '找规律 质因数分解 组合数', '3', '分类基础');
INSERT INTO `t_order` (`id`, `name`, `broad_knowledge`, `subdivision_knowledge`, `hard`, `master`) VALUES (5228, 'https://vjudge.net/problem/HDU-2685', '数论', 'gcd 结论', '3', '分类基础');
INSERT INTO `t_order` (`id`, `name`, `broad_knowledge`, `subdivision_knowledge`, `hard`, `master`) VALUES (5229, 'https://vjudge.net/problem/CodeForces-617E', '数据结构', '莫队 分块', '3', '基础');
INSERT INTO `t_order` (`id`, `name`, `broad_knowledge`, `subdivision_knowledge`, `hard`, `master`) VALUES (5230, 'https://vjudge.net/problem/SPOJ-NUMTRYE', '数论', '欧拉函数 公式 质因数分解', '3', '分类基础');
INSERT INTO `t_order` (`id`, `name`, `broad_knowledge`, `subdivision_knowledge`, `hard`, `master`) VALUES (5231, 'https://vjudge.net/problem/HDU-1573', '数论', '扩展中国剩余定理', '3', '分类基础');
INSERT INTO `t_order` (`id`, `name`, `broad_knowledge`, `subdivision_knowledge`, `hard`, `master`) VALUES (5232, 'https://vjudge.net/problem/POJ-2891', '数论', '扩展中国剩余定理', '3', '分类基础');
INSERT INTO `t_order` (`id`, `name`, `broad_knowledge`, `subdivision_knowledge`, `hard`, `master`) VALUES (5233, 'https://vjudge.net/problem/POJ-1006', '数论', '中国剩余定理', '2', '分类基础');
INSERT INTO `t_order` (`id`, `name`, `broad_knowledge`, `subdivision_knowledge`, `hard`, `master`) VALUES (5234, 'https://vjudge.net/problem/HDU-4349', '数学', '卢卡斯定理 找规律', '3', '分类基础');
INSERT INTO `t_order` (`id`, `name`, `broad_knowledge`, `subdivision_knowledge`, `hard`, `master`) VALUES (5235, 'https://vjudge.net/problem/HDU-4373', '数学 数论', '卢卡斯定理 中国剩余定理', '3', '分类基础');
INSERT INTO `t_order` (`id`, `name`, `broad_knowledge`, `subdivision_knowledge`, `hard`, `master`) VALUES (5236, 'https://vjudge.net/problem/HDU-3944', '数学', '杨辉三角 卢卡斯定理', '3', '基础');
INSERT INTO `t_order` (`id`, `name`, `broad_knowledge`, `subdivision_knowledge`, `hard`, `master`) VALUES (5237, 'https://vjudge.net/problem/FZU-2020', '数学 数论', '卢卡斯定理 exgcd', '3', '基础');
INSERT INTO `t_order` (`id`, `name`, `broad_knowledge`, `subdivision_knowledge`, `hard`, `master`) VALUES (5238, 'https://vjudge.net/problem/POJ-2142', '数论', 'exgcd', '3', '基础');
INSERT INTO `t_order` (`id`, `name`, `broad_knowledge`, `subdivision_knowledge`, `hard`, `master`) VALUES (5239, 'https://vjudge.net/problem/POJ-2429', '数论', 'pollard_rho gcd', '3', '基础');
INSERT INTO `t_order` (`id`, `name`, `broad_knowledge`, `subdivision_knowledge`, `hard`, `master`) VALUES (5240, 'https://vjudge.net/problem/POJ-2689', '数论', '二次筛法', '2', '基础');
INSERT INTO `t_order` (`id`, `name`, `broad_knowledge`, `subdivision_knowledge`, `hard`, `master`) VALUES (5241, 'https://vjudge.net/problem/HDU-4344', '数论', 'pollard_rho', '2', '基础');
INSERT INTO `t_order` (`id`, `name`, `broad_knowledge`, `subdivision_knowledge`, `hard`, `master`) VALUES (5242, 'https://vjudge.net/problem/POJ-3233', '数学', '矩阵快速幂 二分', '3', '基础');
INSERT INTO `t_order` (`id`, `name`, `broad_knowledge`, `subdivision_knowledge`, `hard`, `master`) VALUES (5243, 'https://vjudge.net/problem/HDU-6863', '数论 字符串', '因式分解 字符串', '3', '基础');
INSERT INTO `t_order` (`id`, `name`, `broad_knowledge`, `subdivision_knowledge`, `hard`, `master`) VALUES (5244, 'https://vjudge.net/problem/HDU-6860', '算法', '贪心 思维', '3', '基础');
INSERT INTO `t_order` (`id`, `name`, `broad_knowledge`, `subdivision_knowledge`, `hard`, `master`) VALUES (5245, 'https://vjudge.net/problem/SPOJ-FIBOSUM', '数学', '矩阵快速幂', '2', '基础');
INSERT INTO `t_order` (`id`, `name`, `broad_knowledge`, `subdivision_knowledge`, `hard`, `master`) VALUES (5246, 'https://vjudge.net/problem/HDU-6805', '图论', '最短路 拆点', '3', '基础');
INSERT INTO `t_order` (`id`, `name`, `broad_knowledge`, `subdivision_knowledge`, `hard`, `master`) VALUES (5247, 'https://vjudge.net/problem/HDU-6838', '数学', '概率 乘法逆元', '3', '基础');
INSERT INTO `t_order` (`id`, `name`, `broad_knowledge`, `subdivision_knowledge`, `hard`, `master`) VALUES (5248, 'https://vjudge.net/problem/HDU-6812', '算法', '思维', '2', '基础');
INSERT INTO `t_order` (`id`, `name`, `broad_knowledge`, `subdivision_knowledge`, `hard`, `master`) VALUES (5249, 'https://vjudge.net/problem/HDU-6806', '动态规划', '线性DP', '2', '基础');
INSERT INTO `t_order` (`id`, `name`, `broad_knowledge`, `subdivision_knowledge`, `hard`, `master`) VALUES (5250, 'https://vjudge.net/problem/POJ-3494', '算法', '单调栈', '2', '基础');
INSERT INTO `t_order` (`id`, `name`, `broad_knowledge`, `subdivision_knowledge`, `hard`, `master`) VALUES (5251, 'https://vjudge.net/problem/POJ-3250', '算法', '单调栈', '1', '基础');
INSERT INTO `t_order` (`id`, `name`, `broad_knowledge`, `subdivision_knowledge`, `hard`, `master`) VALUES (5252, 'https://vjudge.net/problem/HDU-1754', '数据结构', '线段树', '1', '基础');
INSERT INTO `t_order` (`id`, `name`, `broad_knowledge`, `subdivision_knowledge`, `hard`, `master`) VALUES (5253, 'https://vjudge.net/problem/UVA-1642', '数论', 'gcd性质', '3', '基础');
INSERT INTO `t_order` (`id`, `name`, `broad_knowledge`, `subdivision_knowledge`, `hard`, `master`) VALUES (5254, 'https://vjudge.net/problem/UVA-10214', '数论', '欧拉函数 gcd', '3', '基础');
INSERT INTO `t_order` (`id`, `name`, `broad_knowledge`, `subdivision_knowledge`, `hard`, `master`) VALUES (5255, 'https://vjudge.net/problem/UVA-1393', '数论 动态规划', '二维前缀和 二维dp gcd', '3', '基础');
INSERT INTO `t_order` (`id`, `name`, `broad_knowledge`, `subdivision_knowledge`, `hard`, `master`) VALUES (5256, 'https://vjudge.net/problem/UVA-11440', '数论', '欧拉函数', '3', '基础');
INSERT INTO `t_order` (`id`, `name`, `broad_knowledge`, `subdivision_knowledge`, `hard`, `master`) VALUES (5257, 'https://vjudge.net/problem/UVA-1363', '数论', '整除分块', '2', '基础');
INSERT INTO `t_order` (`id`, `name`, `broad_knowledge`, `subdivision_knowledge`, `hard`, `master`) VALUES (5258, 'https://vjudge.net/problem/UVA-1641', '算法', '模拟', '1', '基础');
INSERT INTO `t_order` (`id`, `name`, `broad_knowledge`, `subdivision_knowledge`, `hard`, `master`) VALUES (5259, 'https://vjudge.net/problem/HDU-6768', '数学 字符串', '斐波那契 哈希', '3', '基础');
INSERT INTO `t_order` (`id`, `name`, `broad_knowledge`, `subdivision_knowledge`, `hard`, `master`) VALUES (5260, 'https://vjudge.net/problem/HDU-6763', '图论', '并查集 思维', '3', '基础');
INSERT INTO `t_order` (`id`, `name`, `broad_knowledge`, `subdivision_knowledge`, `hard`, `master`) VALUES (5261, 'https://vjudge.net/problem/HDU-6772', '算法', '搜索 剪枝', '3', '基础');
INSERT INTO `t_order` (`id`, `name`, `broad_knowledge`, `subdivision_knowledge`, `hard`, `master`) VALUES (5262, 'https://vjudge.net/problem/ZOJ-3774', '数学 数论', '斐波那契 矩阵快速幂 二次剩余', '4', '分类基础');
INSERT INTO `t_order` (`id`, `name`, `broad_knowledge`, `subdivision_knowledge`, `hard`, `master`) VALUES (5263, 'https://vjudge.net/problem/HDU-6755', '数学 数论', '斐波那契 二项式定理 矩阵快速幂 二次剩余', '4', '分类基础');
INSERT INTO `t_order` (`id`, `name`, `broad_knowledge`, `subdivision_knowledge`, `hard`, `master`) VALUES (5264, 'https://vjudge.net/problem/HDU-6759', '算法', '单调栈 思维', '3', '基础');
INSERT INTO `t_order` (`id`, `name`, `broad_knowledge`, `subdivision_knowledge`, `hard`, `master`) VALUES (5265, 'https://vjudge.net/problem/POJ-2406', '字符串', 'kmp', '2', '基础');
INSERT INTO `t_order` (`id`, `name`, `broad_knowledge`, `subdivision_knowledge`, `hard`, `master`) VALUES (5266, 'https://vjudge.net/problem/POJ-1988', '图论', '带权并查集', '3', '基础');
INSERT INTO `t_order` (`id`, `name`, `broad_knowledge`, `subdivision_knowledge`, `hard`, `master`) VALUES (5267, 'https://vjudge.net/problem/HDU-4821', '字符串', '哈希', '3', '基础');
INSERT INTO `t_order` (`id`, `name`, `broad_knowledge`, `subdivision_knowledge`, `hard`, `master`) VALUES (5268, 'https://vjudge.net/problem/HDU-4080', '字符串', '哈希 二分', '3', '基础');
INSERT INTO `t_order` (`id`, `name`, `broad_knowledge`, `subdivision_knowledge`, `hard`, `master`) VALUES (5269, 'https://vjudge.net/problem/POJ-2406', '字符串', 'kmp', '2', '基础');
INSERT INTO `t_order` (`id`, `name`, `broad_knowledge`, `subdivision_knowledge`, `hard`, `master`) VALUES (5270, 'https://vjudge.net/problem/HDU-3613', '字符串', '马拉车', '2', '基础');
INSERT INTO `t_order` (`id`, `name`, `broad_knowledge`, `subdivision_knowledge`, `hard`, `master`) VALUES (5271, 'https://vjudge.net/problem/POJ-3974', '字符串', '马拉车', '2', '基础');
INSERT INTO `t_order` (`id`, `name`, `broad_knowledge`, `subdivision_knowledge`, `hard`, `master`) VALUES (5272, 'https://vjudge.net/problem/51Nod-1201', '动态规划', '二维dp', '2', '基础');
INSERT INTO `t_order` (`id`, `name`, `broad_knowledge`, `subdivision_knowledge`, `hard`, `master`) VALUES (5273, 'https://vjudge.net/problem/POJ-1664', '算法', '递归', '1', '基础');
INSERT INTO `t_order` (`id`, `name`, `broad_knowledge`, `subdivision_knowledge`, `hard`, `master`) VALUES (5274, 'https://vjudge.net/problem/POJ-1315', '算法', '搜索', '1', '基础');
INSERT INTO `t_order` (`id`, `name`, `broad_knowledge`, `subdivision_knowledge`, `hard`, `master`) VALUES (5275, 'https://vjudge.net/problem/POJ-1040', '算法', '搜索', '1', '基础');
INSERT INTO `t_order` (`id`, `name`, `broad_knowledge`, `subdivision_knowledge`, `hard`, `master`) VALUES (5276, 'https://vjudge.net/problem/UVA-750', '算法', '搜索', '1', '基础');
INSERT INTO `t_order` (`id`, `name`, `broad_knowledge`, `subdivision_knowledge`, `hard`, `master`) VALUES (5277, 'https://vjudge.net/problem/POJ-2258', '算法', '搜索', '1', '基础');
INSERT INTO `t_order` (`id`, `name`, `broad_knowledge`, `subdivision_knowledge`, `hard`, `master`) VALUES (5278, 'https://vjudge.net/problem/UVA-167', '算法', '搜索', '1', '基础');
INSERT INTO `t_order` (`id`, `name`, `broad_knowledge`, `subdivision_knowledge`, `hard`, `master`) VALUES (5279, 'https://vjudge.net/problem/POJ-1979', '算法', '搜索', '1', '基础');
INSERT INTO `t_order` (`id`, `name`, `broad_knowledge`, `subdivision_knowledge`, `hard`, `master`) VALUES (5280, 'https://vjudge.net/problem/POJ-2083', '算法', '递归', '1', '基础');
INSERT INTO `t_order` (`id`, `name`, `broad_knowledge`, `subdivision_knowledge`, `hard`, `master`) VALUES (5281, 'https://vjudge.net/problem/POJ-2013', '算法', '模拟 栈 递归', '0', '基础');
INSERT INTO `t_order` (`id`, `name`, `broad_knowledge`, `subdivision_knowledge`, `hard`, `master`) VALUES (5282, 'https://vjudge.net/problem/UVA-10213', '数学', '组合计数 大数', '2', '基础');
INSERT INTO `t_order` (`id`, `name`, `broad_knowledge`, `subdivision_knowledge`, `hard`, `master`) VALUES (5283, 'https://vjudge.net/problem/UVA-1640', '动态规划', '数位DP', '2', '基础');
INSERT INTO `t_order` (`id`, `name`, `broad_knowledge`, `subdivision_knowledge`, `hard`, `master`) VALUES (5284, 'https://vjudge.net/problem/UVA-11971', '数学', '概率 思维', '2', '基础');
INSERT INTO `t_order` (`id`, `name`, `broad_knowledge`, `subdivision_knowledge`, `hard`, `master`) VALUES (5285, 'https://vjudge.net/problem/Gym-102174D', '图论 算法', '并查集 二分', '3', '基础');
INSERT INTO `t_order` (`id`, `name`, `broad_knowledge`, `subdivision_knowledge`, `hard`, `master`) VALUES (5286, 'https://vjudge.net/problem/UVA-11346', '数学', '概率 积分', '1', '基础');
INSERT INTO `t_order` (`id`, `name`, `broad_knowledge`, `subdivision_knowledge`, `hard`, `master`) VALUES (5287, 'https://vjudge.net/problem/UVA-10288', '动态规划', '概率dp', '2', '基础');
INSERT INTO `t_order` (`id`, `name`, `broad_knowledge`, `subdivision_knowledge`, `hard`, `master`) VALUES (5288, 'https://vjudge.net/problem/UVA-1639', '数学', '期望', '2', '基础');
INSERT INTO `t_order` (`id`, `name`, `broad_knowledge`, `subdivision_knowledge`, `hard`, `master`) VALUES (5289, 'https://vjudge.net/problem/UVA-12230', '数学', '期望', '1', '基础');
INSERT INTO `t_order` (`id`, `name`, `broad_knowledge`, `subdivision_knowledge`, `hard`, `master`) VALUES (5290, 'https://vjudge.net/problem/UVA-12034', '数学', '组合数', '1', '基础');
INSERT INTO `t_order` (`id`, `name`, `broad_knowledge`, `subdivision_knowledge`, `hard`, `master`) VALUES (5291, 'https://vjudge.net/problem/UVA-580', '动态规划', '线性dp', '2', '基础');
INSERT INTO `t_order` (`id`, `name`, `broad_knowledge`, `subdivision_knowledge`, `hard`, `master`) VALUES (5292, 'https://vjudge.net/problem/UVA-1637', '算法', '搜索 状压', '1', '基础');
INSERT INTO `t_order` (`id`, `name`, `broad_knowledge`, `subdivision_knowledge`, `hard`, `master`) VALUES (5293, 'https://vjudge.net/problem/UVA-11181', '数学', '条件概率 搜索', '2', '基础');
INSERT INTO `t_order` (`id`, `name`, `broad_knowledge`, `subdivision_knowledge`, `hard`, `master`) VALUES (5294, 'https://vjudge.net/problem/UVA-10491', '数学', '概率', '0', '基础');
INSERT INTO `t_order` (`id`, `name`, `broad_knowledge`, `subdivision_knowledge`, `hard`, `master`) VALUES (5295, 'https://vjudge.net/problem/UVA-1636', '数学', '概率', '1', '基础');
INSERT INTO `t_order` (`id`, `name`, `broad_knowledge`, `subdivision_knowledge`, `hard`, `master`) VALUES (5296, 'https://vjudge.net/problem/UVA-1262', '算法', '模拟 暴力', '1', '基础');
INSERT INTO `t_order` (`id`, `name`, `broad_knowledge`, `subdivision_knowledge`, `hard`, `master`) VALUES (5297, 'https://vjudge.net/problem/UVA-10820', '数论', '欧拉函数', '1', '基础');
INSERT INTO `t_order` (`id`, `name`, `broad_knowledge`, `subdivision_knowledge`, `hard`, `master`) VALUES (5298, 'https://vjudge.net/problem/UVA-1635', '数学 数论', '质因数分解 二项式定理 组合数', '3', '基础');
INSERT INTO `t_order` (`id`, `name`, `broad_knowledge`, `subdivision_knowledge`, `hard`, `master`) VALUES (5299, 'https://vjudge.net/problem/UVA-12716', '数论', 'gcd', '2', '基础');
INSERT INTO `t_order` (`id`, `name`, `broad_knowledge`, `subdivision_knowledge`, `hard`, `master`) VALUES (5300, 'https://vjudge.net/problem/UVA-10791', '数论', '质因数分解', '1', '基础');
INSERT INTO `t_order` (`id`, `name`, `broad_knowledge`, `subdivision_knowledge`, `hard`, `master`) VALUES (5301, 'https://vjudge.net/problem/UVA-10375', '数论', '质因数分解', '2', '基础');
INSERT INTO `t_order` (`id`, `name`, `broad_knowledge`, `subdivision_knowledge`, `hard`, `master`) VALUES (5302, 'https://vjudge.net/problem/UVA-12169', '数论', 'exgcd', '3', '基础');
INSERT INTO `t_order` (`id`, `name`, `broad_knowledge`, `subdivision_knowledge`, `hard`, `master`) VALUES (5303, 'https://vjudge.net/problem/UVA-11582', '数学', '斐波那契 取模循环节', '3', '基础');
INSERT INTO `t_order` (`id`, `name`, `broad_knowledge`, `subdivision_knowledge`, `hard`, `master`) VALUES (5304, 'https://vjudge.net/problem/POJ-3669', '算法', '搜索', '2', '基础');
INSERT INTO `t_order` (`id`, `name`, `broad_knowledge`, `subdivision_knowledge`, `hard`, `master`) VALUES (5305, 'https://vjudge.net/problem/UVA-12589', '动态规划', '背包 贪心', '3', '基础');
INSERT INTO `t_order` (`id`, `name`, `broad_knowledge`, `subdivision_knowledge`, `hard`, `master`) VALUES (5306, 'https://vjudge.net/problem/UVA-10163', '动态规划 算法', '二分答案 背包', '3', '基础');
INSERT INTO `t_order` (`id`, `name`, `broad_knowledge`, `subdivision_knowledge`, `hard`, `master`) VALUES (5307, 'https://vjudge.net/problem/UVA-1543', '动态规划', '区间DP 平面几何', '3', '基础');
INSERT INTO `t_order` (`id`, `name`, `broad_knowledge`, `subdivision_knowledge`, `hard`, `master`) VALUES (5308, 'https://vjudge.net/problem/UVA-12093', '动态规划', '树形DP', '4', '分类基础');
INSERT INTO `t_order` (`id`, `name`, `broad_knowledge`, `subdivision_knowledge`, `hard`, `master`) VALUES (5309, 'https://vjudge.net/problem/UVA-1633', '动态规划', '字符串 dp', '3', '基础');
INSERT INTO `t_order` (`id`, `name`, `broad_knowledge`, `subdivision_knowledge`, `hard`, `master`) VALUES (5310, 'https://vjudge.net/problem/UVA-1632', '动态规划', '区间DP', '3', '基础');
INSERT INTO `t_order` (`id`, `name`, `broad_knowledge`, `subdivision_knowledge`, `hard`, `master`) VALUES (5311, 'https://vjudge.net/problem/UVA-1631', '动态规划', '记忆化搜索', '3', '基础');
INSERT INTO `t_order` (`id`, `name`, `broad_knowledge`, `subdivision_knowledge`, `hard`, `master`) VALUES (5312, 'https://vjudge.net/problem/UVA-10723', '动态规划', 'LCS', '3', '基础');
INSERT INTO `t_order` (`id`, `name`, `broad_knowledge`, `subdivision_knowledge`, `hard`, `master`) VALUES (5313, 'https://vjudge.net/problem/UVA-242', '动态规划', '完全背包', '3', '基础');
INSERT INTO `t_order` (`id`, `name`, `broad_knowledge`, `subdivision_knowledge`, `hard`, `master`) VALUES (5314, 'https://vjudge.net/problem/UVA-1630', '动态规划', '区间DP', '3', '基础');
INSERT INTO `t_order` (`id`, `name`, `broad_knowledge`, `subdivision_knowledge`, `hard`, `master`) VALUES (5315, 'https://vjudge.net/problem/UVA-1629', '动态规划', '记忆化搜索', '3', '基础');
INSERT INTO `t_order` (`id`, `name`, `broad_knowledge`, `subdivision_knowledge`, `hard`, `master`) VALUES (5316, 'https://vjudge.net/problem/UVA-10118', '动态规划', '记忆化搜索', '3', '基础');
INSERT INTO `t_order` (`id`, `name`, `broad_knowledge`, `subdivision_knowledge`, `hard`, `master`) VALUES (5317, 'https://vjudge.net/problem/UVA-10285', '动态规划', '二维DP', '2', '基础');
INSERT INTO `t_order` (`id`, `name`, `broad_knowledge`, `subdivision_knowledge`, `hard`, `master`) VALUES (5318, 'https://vjudge.net/problem/UVA-12170', '动态规划', '线性DP 单调队列优化', '4', '分类基础');
INSERT INTO `t_order` (`id`, `name`, `broad_knowledge`, `subdivision_knowledge`, `hard`, `master`) VALUES (5319, 'https://vjudge.net/problem/UVA-1628', '动态规划', '区间DP', '3', '基础');
INSERT INTO `t_order` (`id`, `name`, `broad_knowledge`, `subdivision_knowledge`, `hard`, `master`) VALUES (5320, 'https://vjudge.net/problem/UVA-10559', '动态规划', '区间DP', '3', '基础');
INSERT INTO `t_order` (`id`, `name`, `broad_knowledge`, `subdivision_knowledge`, `hard`, `master`) VALUES (5321, 'https://vjudge.net/problem/UVA-12099', '动态规划', '01背包', '3', '基础');
INSERT INTO `t_order` (`id`, `name`, `broad_knowledge`, `subdivision_knowledge`, `hard`, `master`) VALUES (5322, 'https://vjudge.net/problem/UVA-1204', '动态规划', '状压DP', '3', '基础');
INSERT INTO `t_order` (`id`, `name`, `broad_knowledge`, `subdivision_knowledge`, `hard`, `master`) VALUES (5323, 'https://vjudge.net/problem/UVA-12105', '动态规划', 'DP', '3', '基础');
INSERT INTO `t_order` (`id`, `name`, `broad_knowledge`, `subdivision_knowledge`, `hard`, `master`) VALUES (5324, 'https://vjudge.net/problem/UVA-1336', '动态规划', '区间DP', '3', '基础');
INSERT INTO `t_order` (`id`, `name`, `broad_knowledge`, `subdivision_knowledge`, `hard`, `master`) VALUES (5325, 'https://vjudge.net/problem/UVA-10934', '动态规划', 'dp', '3', '基础');
INSERT INTO `t_order` (`id`, `name`, `broad_knowledge`, `subdivision_knowledge`, `hard`, `master`) VALUES (5326, 'https://vjudge.net/problem/UVA-1252', '动态规划', '状压DP', '3', '基础');
INSERT INTO `t_order` (`id`, `name`, `broad_knowledge`, `subdivision_knowledge`, `hard`, `master`) VALUES (5327, 'https://vjudge.net/problem/UVA-10817', '动态规划', '01背包 状压DP', '3', '基础');
INSERT INTO `t_order` (`id`, `name`, `broad_knowledge`, `subdivision_knowledge`, `hard`, `master`) VALUES (5328, 'https://vjudge.net/problem/HDU-1429', '算法', 'bfs 状压', '2', '基础');
INSERT INTO `t_order` (`id`, `name`, `broad_knowledge`, `subdivision_knowledge`, `hard`, `master`) VALUES (5329, 'https://vjudge.net/problem/HDU-1565', '动态规划', '状压DP', '2', '基础');
INSERT INTO `t_order` (`id`, `name`, `broad_knowledge`, `subdivision_knowledge`, `hard`, `master`) VALUES (5330, 'https://vjudge.net/problem/HDU-5418', '动态规划', '状压DP', '3', '基础');
INSERT INTO `t_order` (`id`, `name`, `broad_knowledge`, `subdivision_knowledge`, `hard`, `master`) VALUES (5331, 'https://vjudge.net/problem/UVA-1218', '动态规划', '树形DP', '3', '基础');
INSERT INTO `t_order` (`id`, `name`, `broad_knowledge`, `subdivision_knowledge`, `hard`, `master`) VALUES (5332, 'https://vjudge.net/problem/UVA-1220', '动态规划', '树形DP', '3', '基础');
INSERT INTO `t_order` (`id`, `name`, `broad_knowledge`, `subdivision_knowledge`, `hard`, `master`) VALUES (5333, 'https://vjudge.net/problem/UVA-12186', '动态规划', '树形DP', '3', '基础');
INSERT INTO `t_order` (`id`, `name`, `broad_knowledge`, `subdivision_knowledge`, `hard`, `master`) VALUES (5334, 'https://vjudge.net/problem/UVA-1331', '动态规划', '区间DP', '2', '基础');
INSERT INTO `t_order` (`id`, `name`, `broad_knowledge`, `subdivision_knowledge`, `hard`, `master`) VALUES (5335, 'https://vjudge.net/problem/POJ-1651', '动态规划', '区间DP', '2', '基础');
INSERT INTO `t_order` (`id`, `name`, `broad_knowledge`, `subdivision_knowledge`, `hard`, `master`) VALUES (5336, 'https://vjudge.net/problem/UVA-1626', '动态规划', '区间DP', '3', '基础');
INSERT INTO `t_order` (`id`, `name`, `broad_knowledge`, `subdivision_knowledge`, `hard`, `master`) VALUES (5337, 'https://vjudge.net/problem/UVA-10003', '动态规划', '区间DP', '3', '基础');
INSERT INTO `t_order` (`id`, `name`, `broad_knowledge`, `subdivision_knowledge`, `hard`, `master`) VALUES (5338, 'https://vjudge.net/problem/UVA-11584', '动态规划', '二维DP', '1', '基础');
INSERT INTO `t_order` (`id`, `name`, `broad_knowledge`, `subdivision_knowledge`, `hard`, `master`) VALUES (5339, 'https://vjudge.net/problem/UVA-11400', '动态规划', '线性DP', '2', '基础');
INSERT INTO `t_order` (`id`, `name`, `broad_knowledge`, `subdivision_knowledge`, `hard`, `master`) VALUES (5340, 'https://vjudge.net/problem/HDU-1159', '动态规划', 'LCS', '1', '基础');
INSERT INTO `t_order` (`id`, `name`, `broad_knowledge`, `subdivision_knowledge`, `hard`, `master`) VALUES (5341, 'https://vjudge.net/problem/UVA-12563', '动态规划', '01背包', '1', '基础');
INSERT INTO `t_order` (`id`, `name`, `broad_knowledge`, `subdivision_knowledge`, `hard`, `master`) VALUES (5342, 'https://vjudge.net/problem/UVA-116', '动态规划', '二维DP', '1', '基础');
INSERT INTO `t_order` (`id`, `name`, `broad_knowledge`, `subdivision_knowledge`, `hard`, `master`) VALUES (5343, 'https://vjudge.net/problem/UVA-1347', '动态规划', '二维DP', '2', '基础');
INSERT INTO `t_order` (`id`, `name`, `broad_knowledge`, `subdivision_knowledge`, `hard`, `master`) VALUES (5344, 'https://vjudge.net/problem/UVA-437', '动态规划', '记忆化搜索', '2', '基础');
INSERT INTO `t_order` (`id`, `name`, `broad_knowledge`, `subdivision_knowledge`, `hard`, `master`) VALUES (5345, 'https://vjudge.net/problem/UVA-1025', '动态规划', '记忆化搜索', '2', '基础');
INSERT INTO `t_order` (`id`, `name`, `broad_knowledge`, `subdivision_knowledge`, `hard`, `master`) VALUES (5346, 'https://vjudge.net/problem/UVA-1619', '算法', '链表 前缀和', '2', '基础');
INSERT INTO `t_order` (`id`, `name`, `broad_knowledge`, `subdivision_knowledge`, `hard`, `master`) VALUES (5347, 'https://vjudge.net/problem/UVA-11536', '算法', '双指针', '2', '基础');
INSERT INTO `t_order` (`id`, `name`, `broad_knowledge`, `subdivision_knowledge`, `hard`, `master`) VALUES (5348, 'https://vjudge.net/problem/UVA-1616', '算法', '二分答案', '2', '基础');
INSERT INTO `t_order` (`id`, `name`, `broad_knowledge`, `subdivision_knowledge`, `hard`, `master`) VALUES (5349, 'https://vjudge.net/problem/UVA-10570', '算法', '思维 枚举', '1', '基础');
INSERT INTO `t_order` (`id`, `name`, `broad_knowledge`, `subdivision_knowledge`, `hard`, `master`) VALUES (5350, 'https://vjudge.net/problem/UVA-11536', '算法', '贪心 优先队列', '2', '基础');
INSERT INTO `t_order` (`id`, `name`, `broad_knowledge`, `subdivision_knowledge`, `hard`, `master`) VALUES (5351, 'https://vjudge.net/problem/UVA-1615', '算法', '贪心 思维', '2', '基础');
INSERT INTO `t_order` (`id`, `name`, `broad_knowledge`, `subdivision_knowledge`, `hard`, `master`) VALUES (5352, 'https://vjudge.net/problem/UVA-1614', '算法', '贪心 规律推导', '3', '基础');
INSERT INTO `t_order` (`id`, `name`, `broad_knowledge`, `subdivision_knowledge`, `hard`, `master`) VALUES (5353, 'https://vjudge.net/problem/UVA-1613', '算法', '贪心 无向图染色', '1', '基础');
INSERT INTO `t_order` (`id`, `name`, `broad_knowledge`, `subdivision_knowledge`, `hard`, `master`) VALUES (5354, 'https://vjudge.net/problem/UVA-1612', '算法', '贪心', '1', '基础');
INSERT INTO `t_order` (`id`, `name`, `broad_knowledge`, `subdivision_knowledge`, `hard`, `master`) VALUES (5355, 'https://vjudge.net/problem/POJ-1915', '算法', '搜索', '1', '基础');
INSERT INTO `t_order` (`id`, `name`, `broad_knowledge`, `subdivision_knowledge`, `hard`, `master`) VALUES (5356, 'https://vjudge.net/problem/CodeForces-1335B', '算法', '构造 思维', '1', '基础');
INSERT INTO `t_order` (`id`, `name`, `broad_knowledge`, `subdivision_knowledge`, `hard`, `master`) VALUES (5357, 'https://vjudge.net/problem/UVA-11925', '算法', '贪心 找规律', '2', '基础');
INSERT INTO `t_order` (`id`, `name`, `broad_knowledge`, `subdivision_knowledge`, `hard`, `master`) VALUES (5358, 'https://vjudge.net/problem/UVA-1618', '动态规划', 'ST表', '2', '基础');
INSERT INTO `t_order` (`id`, `name`, `broad_knowledge`, `subdivision_knowledge`, `hard`, `master`) VALUES (5359, 'https://vjudge.net/problem/UVA-1611', '算法', '模拟 排序', '1', '基础');
INSERT INTO `t_order` (`id`, `name`, `broad_knowledge`, `subdivision_knowledge`, `hard`, `master`) VALUES (5360, 'https://vjudge.net/problem/UVA-12545', '算法', '贪心', '1', '基础');
INSERT INTO `t_order` (`id`, `name`, `broad_knowledge`, `subdivision_knowledge`, `hard`, `master`) VALUES (5361, 'https://vjudge.net/problem/UVA-1610', '算法', '贪心', '2', '基础');
INSERT INTO `t_order` (`id`, `name`, `broad_knowledge`, `subdivision_knowledge`, `hard`, `master`) VALUES (5362, 'https://vjudge.net/problem/UVA-11491', '算法', '贪心 优先队列', '2', '基础');
INSERT INTO `t_order` (`id`, `name`, `broad_knowledge`, `subdivision_knowledge`, `hard`, `master`) VALUES (5363, 'https://vjudge.net/problem/UVA-1149', '算法', '贪心 二分', '2', '基础');
INSERT INTO `t_order` (`id`, `name`, `broad_knowledge`, `subdivision_knowledge`, `hard`, `master`) VALUES (5364, 'https://vjudge.net/problem/CodeForces-1337C', '算法', '树上贪心 排序', '3', '基础');
INSERT INTO `t_order` (`id`, `name`, `broad_knowledge`, `subdivision_knowledge`, `hard`, `master`) VALUES (5365, 'https://vjudge.net/problem/CodeForces-1335E1', '算法', '二分', '2', '基础');
INSERT INTO `t_order` (`id`, `name`, `broad_knowledge`, `subdivision_knowledge`, `hard`, `master`) VALUES (5366, 'https://vjudge.net/problem/UVA-1609', '算法', '构造 递归', '3', '基础');
INSERT INTO `t_order` (`id`, `name`, `broad_knowledge`, `subdivision_knowledge`, `hard`, `master`) VALUES (5367, 'https://vjudge.net/problem/CodeForces-1335C', '算法', '思维 暴力', '1', '基础');
INSERT INTO `t_order` (`id`, `name`, `broad_knowledge`, `subdivision_knowledge`, `hard`, `master`) VALUES (5368, 'https://vjudge.net/problem/UVA-1608', '算法', '递归 双指针', '3', '基础');
INSERT INTO `t_order` (`id`, `name`, `broad_knowledge`, `subdivision_knowledge`, `hard`, `master`) VALUES (5369, 'https://vjudge.net/problem/UVA-12174', '算法', '双指针', '2', '基础');
INSERT INTO `t_order` (`id`, `name`, `broad_knowledge`, `subdivision_knowledge`, `hard`, `master`) VALUES (5370, 'https://vjudge.net/problem/UVA-11093', '算法', '模拟', '1', '基础');
INSERT INTO `t_order` (`id`, `name`, `broad_knowledge`, `subdivision_knowledge`, `hard`, `master`) VALUES (5371, 'https://vjudge.net/problem/UVA-12627', '算法', '递归', '2', '基础');
INSERT INTO `t_order` (`id`, `name`, `broad_knowledge`, `subdivision_knowledge`, `hard`, `master`) VALUES (5372, 'https://vjudge.net/problem/UVA-10954', '算法', '贪心 优先队列', '1', '基础');
INSERT INTO `t_order` (`id`, `name`, `broad_knowledge`, `subdivision_knowledge`, `hard`, `master`) VALUES (5373, 'https://vjudge.net/problem/UVA-714', '算法', '二分答案 贪心', '2', '基础');
INSERT INTO `t_order` (`id`, `name`, `broad_knowledge`, `subdivision_knowledge`, `hard`, `master`) VALUES (5374, 'https://nanti.jisuanke.com/t/44460', '图论', '拓扑排序', '3', '基础');
INSERT INTO `t_order` (`id`, `name`, `broad_knowledge`, `subdivision_knowledge`, `hard`, `master`) VALUES (5375, 'https://nanti.jisuanke.com/t/43467', '算法', 'bfs 二分答案', '3', '基础');
INSERT INTO `t_order` (`id`, `name`, `broad_knowledge`, `subdivision_knowledge`, `hard`, `master`) VALUES (5376, 'https://vjudge.net/problem/UVA-1471', '算法', '二分', '3', '基础');
INSERT INTO `t_order` (`id`, `name`, `broad_knowledge`, `subdivision_knowledge`, `hard`, `master`) VALUES (5377, 'https://vjudge.net/problem/HDU-5358', '算法 数学', '公式推导 枚举 双指针', '3', '基础');
INSERT INTO `t_order` (`id`, `name`, `broad_knowledge`, `subdivision_knowledge`, `hard`, `master`) VALUES (5378, 'https://vjudge.net/problem/POJ-3320', '算法', '双指针', '2', '基础');
INSERT INTO `t_order` (`id`, `name`, `broad_knowledge`, `subdivision_knowledge`, `hard`, `master`) VALUES (5379, 'https://vjudge.net/problem/POJ-2566', '算法', '双指针', '2', '基础');
INSERT INTO `t_order` (`id`, `name`, `broad_knowledge`, `subdivision_knowledge`, `hard`, `master`) VALUES (5380, 'https://vjudge.net/problem/POJ-3061', '算法', '双指针 前缀和 二分', '2', '基础');
INSERT INTO `t_order` (`id`, `name`, `broad_knowledge`, `subdivision_knowledge`, `hard`, `master`) VALUES (5381, 'https://vjudge.net/problem/UVA-11572', '算法', '双指针', '2', '基础');
INSERT INTO `t_order` (`id`, `name`, `broad_knowledge`, `subdivision_knowledge`, `hard`, `master`) VALUES (5382, 'https://vjudge.net/problem/UVA-1606', '算法 计算几何', '极角排序 扫描线', '3', '基础');
INSERT INTO `t_order` (`id`, `name`, `broad_knowledge`, `subdivision_knowledge`, `hard`, `master`) VALUES (5383, 'https://vjudge.net/problem/POJ-2007', '计算几何', '极角排序', '1', '基础');
INSERT INTO `t_order` (`id`, `name`, `broad_knowledge`, `subdivision_knowledge`, `hard`, `master`) VALUES (5384, 'https://vjudge.net/problem/UVA-11054', '算法', '贪心', '0', '基础');
INSERT INTO `t_order` (`id`, `name`, `broad_knowledge`, `subdivision_knowledge`, `hard`, `master`) VALUES (5385, 'https://vjudge.net/problem/UVA-11134', '算法', '贪心', '2', '基础');
INSERT INTO `t_order` (`id`, `name`, `broad_knowledge`, `subdivision_knowledge`, `hard`, `master`) VALUES (5386, 'https://vjudge.net/problem/UVA-1152', '算法 字符串', '二分 哈希 枚举', '1', '基础');
INSERT INTO `t_order` (`id`, `name`, `broad_knowledge`, `subdivision_knowledge`, `hard`, `master`) VALUES (5387, 'https://vjudge.net/problem/UVA-1605', '算法', '思维 构造', '1', '基础');
INSERT INTO `t_order` (`id`, `name`, `broad_knowledge`, `subdivision_knowledge`, `hard`, `master`) VALUES (5388, 'https://vjudge.net/problem/UVA-120', '算法', '思维 贪心 优先队列', '2', '基础');
INSERT INTO `t_order` (`id`, `name`, `broad_knowledge`, `subdivision_knowledge`, `hard`, `master`) VALUES (5389, 'https://vjudge.net/problem/POJ-3784', '数据结构', '对顶堆', '2', '基础');
INSERT INTO `t_order` (`id`, `name`, `broad_knowledge`, `subdivision_knowledge`, `hard`, `master`) VALUES (5390, 'https://vjudge.net/problem/HDU-1002', '数学', '大数', '1', '基础');
INSERT INTO `t_order` (`id`, `name`, `broad_knowledge`, `subdivision_knowledge`, `hard`, `master`) VALUES (5391, 'https://vjudge.net/problem/POJ-2259', '数据结构', '队列 模拟', '0', '基础');
INSERT INTO `t_order` (`id`, `name`, `broad_knowledge`, `subdivision_knowledge`, `hard`, `master`) VALUES (5392, 'https://vjudge.net/problem/UVA-817', '算法', '暴力', '1', '基础');
INSERT INTO `t_order` (`id`, `name`, `broad_knowledge`, `subdivision_knowledge`, `hard`, `master`) VALUES (5393, 'https://vjudge.net/problem/HDU-4699', '数据结构', '对顶栈', '2', '基础');
INSERT INTO `t_order` (`id`, `name`, `broad_knowledge`, `subdivision_knowledge`, `hard`, `master`) VALUES (5394, 'https://vjudge.net/problem/POJ-2826', '计算几何', '平面几何 线段相交', '2', '基础');
INSERT INTO `t_order` (`id`, `name`, `broad_knowledge`, `subdivision_knowledge`, `hard`, `master`) VALUES (5395, 'https://vjudge.net/problem/POJ-1066', '计算几何', '平面几何', '2', '基础');
INSERT INTO `t_order` (`id`, `name`, `broad_knowledge`, `subdivision_knowledge`, `hard`, `master`) VALUES (5396, 'https://vjudge.net/problem/POJ-1410', '计算几何', '平面几何 线段相交', '2', '基础');
INSERT INTO `t_order` (`id`, `name`, `broad_knowledge`, `subdivision_knowledge`, `hard`, `master`) VALUES (5397, 'https://vjudge.net/problem/POJ-2653', '计算几何', '平面几何 队列 线段相交', '2', '基础');
INSERT INTO `t_order` (`id`, `name`, `broad_knowledge`, `subdivision_knowledge`, `hard`, `master`) VALUES (5398, 'https://vjudge.net/problem/POJ-1556', '计算几何 图论', '平面几何 建图 最短路', '3', '基础');
INSERT INTO `t_order` (`id`, `name`, `broad_knowledge`, `subdivision_knowledge`, `hard`, `master`) VALUES (5399, 'https://vjudge.net/problem/POJ-1269', '计算几何', '平面几何', '1', '基础');
INSERT INTO `t_order` (`id`, `name`, `broad_knowledge`, `subdivision_knowledge`, `hard`, `master`) VALUES (5400, 'https://vjudge.net/problem/POJ-3304', '计算几何', '平面几何', '1', '基础');
INSERT INTO `t_order` (`id`, `name`, `broad_knowledge`, `subdivision_knowledge`, `hard`, `master`) VALUES (5401, 'https://vjudge.net/problem/POJ-2318', '计算几何', '平面几何 叉乘 二分', '2', '基础');
INSERT INTO `t_order` (`id`, `name`, `broad_knowledge`, `subdivision_knowledge`, `hard`, `master`) VALUES (5402, 'https://vjudge.net/problem/POJ-2398', '计算几何', '平面几何 叉乘 二分', '2', '基础');
INSERT INTO `t_order` (`id`, `name`, `broad_knowledge`, `subdivision_knowledge`, `hard`, `master`) VALUES (5403, 'https://vjudge.net/problem/UVA-1521', '数论', '质因数分解 素数筛选', '2', '基础');
INSERT INTO `t_order` (`id`, `name`, `broad_knowledge`, `subdivision_knowledge`, `hard`, `master`) VALUES (5404, 'https://vjudge.net/problem/POJ-3321', '数据结构', 'dfs序 树状数组', '3', '基础');
INSERT INTO `t_order` (`id`, `name`, `broad_knowledge`, `subdivision_knowledge`, `hard`, `master`) VALUES (5405, 'https://vjudge.net/problem/CodeForces-1311F', '数据结构', '树状数组 离散化', '3', '基础');
INSERT INTO `t_order` (`id`, `name`, `broad_knowledge`, `subdivision_knowledge`, `hard`, `master`) VALUES (5406, 'https://vjudge.net/problem/CodeForces-1311E', '算法', '构造树 模拟', '3', '基础');
INSERT INTO `t_order` (`id`, `name`, `broad_knowledge`, `subdivision_knowledge`, `hard`, `master`) VALUES (5407, 'https://vjudge.net/problem/CodeForces-1311D', '算法', '暴力 枚举优化', '2', '基础');
INSERT INTO `t_order` (`id`, `name`, `broad_knowledge`, `subdivision_knowledge`, `hard`, `master`) VALUES (5408, 'https://vjudge.net/problem/CodeForces-1311C', '算法', '前缀和', '2', '基础');
INSERT INTO `t_order` (`id`, `name`, `broad_knowledge`, `subdivision_knowledge`, `hard`, `master`) VALUES (5409, 'https://vjudge.net/problem/CodeForces-1311B', '算法', '模拟 冒泡排序', '1', '基础');
INSERT INTO `t_order` (`id`, `name`, `broad_knowledge`, `subdivision_knowledge`, `hard`, `master`) VALUES (5410, 'https://vjudge.net/problem/CodeForces-1311A', '算法', '模拟', '0', '基础');
INSERT INTO `t_order` (`id`, `name`, `broad_knowledge`, `subdivision_knowledge`, `hard`, `master`) VALUES (5411, 'https://vjudge.net/problem/UVA-1374', '算法', '迭代加深搜索', '2', '基础');
INSERT INTO `t_order` (`id`, `name`, `broad_knowledge`, `subdivision_knowledge`, `hard`, `master`) VALUES (5412, 'https://vjudge.net/problem/UVA-12325', '算法', '贪心', '2', '基础');
INSERT INTO `t_order` (`id`, `name`, `broad_knowledge`, `subdivision_knowledge`, `hard`, `master`) VALUES (5413, 'https://vjudge.net/problem/UVA-11212', '算法', '迭代加深搜索', '3', '基础');
INSERT INTO `t_order` (`id`, `name`, `broad_knowledge`, `subdivision_knowledge`, `hard`, `master`) VALUES (5414, 'https://vjudge.net/problem/UVA-10603', '算法', 'bfs 优先队列', '2', '基础');
INSERT INTO `t_order` (`id`, `name`, `broad_knowledge`, `subdivision_knowledge`, `hard`, `master`) VALUES (5415, 'https://vjudge.net/problem/POJ-1511', '图论', '单源最短路 反向建图', '2', '基础');
INSERT INTO `t_order` (`id`, `name`, `broad_knowledge`, `subdivision_knowledge`, `hard`, `master`) VALUES (5416, 'https://vjudge.net/problem/UVA-140', '算法', '搜索', '2', '基础');
INSERT INTO `t_order` (`id`, `name`, `broad_knowledge`, `subdivision_knowledge`, `hard`, `master`) VALUES (5417, 'https://vjudge.net/problem/UVA-129', '算法', '搜索 枚举', '1', '基础');
INSERT INTO `t_order` (`id`, `name`, `broad_knowledge`, `subdivision_knowledge`, `hard`, `master`) VALUES (5418, 'https://vjudge.net/problem/UVA-524', '算法', 'dfs', '1', '基础');
INSERT INTO `t_order` (`id`, `name`, `broad_knowledge`, `subdivision_knowledge`, `hard`, `master`) VALUES (5419, 'https://vjudge.net/problem/UVA-10976', '算法', '暴力', '1', '基础');
INSERT INTO `t_order` (`id`, `name`, `broad_knowledge`, `subdivision_knowledge`, `hard`, `master`) VALUES (5420, 'https://vjudge.net/problem/UVA-11059', '算法', '暴力 枚举', '1', '基础');
INSERT INTO `t_order` (`id`, `name`, `broad_knowledge`, `subdivision_knowledge`, `hard`, `master`) VALUES (5421, 'https://vjudge.net/problem/UVA-725', '算法', '暴力 枚举', '1', '基础');
INSERT INTO `t_order` (`id`, `name`, `broad_knowledge`, `subdivision_knowledge`, `hard`, `master`) VALUES (5422, 'https://vjudge.net/problem/UVA-12118', '图论', '连通快 欧拉回路', '3', '基础');
INSERT INTO `t_order` (`id`, `name`, `broad_knowledge`, `subdivision_knowledge`, `hard`, `master`) VALUES (5423, 'https://vjudge.net/problem/UVA-10129', '图论', '欧拉回路', '2', '基础');
INSERT INTO `t_order` (`id`, `name`, `broad_knowledge`, `subdivision_knowledge`, `hard`, `master`) VALUES (5424, 'https://vjudge.net/problem/UVA-10410', '图论', 'dfs序 bfs序', '2', '基础');
INSERT INTO `t_order` (`id`, `name`, `broad_knowledge`, `subdivision_knowledge`, `hard`, `master`) VALUES (5425, 'https://vjudge.net/problem/UVA-12166', '图论', '二叉树', '3', '基础');
INSERT INTO `t_order` (`id`, `name`, `broad_knowledge`, `subdivision_knowledge`, `hard`, `master`) VALUES (5426, 'https://vjudge.net/problem/UVA-1600', '算法', 'bfs', '2', '基础');
INSERT INTO `t_order` (`id`, `name`, `broad_knowledge`, `subdivision_knowledge`, `hard`, `master`) VALUES (5427, 'https://vjudge.net/problem/UVA-439', '算法', 'bfs', '1', '基础');
INSERT INTO `t_order` (`id`, `name`, `broad_knowledge`, `subdivision_knowledge`, `hard`, `master`) VALUES (5428, 'https://vjudge.net/problem/UVA-712', '图论', '二叉树', '1', '基础');
INSERT INTO `t_order` (`id`, `name`, `broad_knowledge`, `subdivision_knowledge`, `hard`, `master`) VALUES (5429, 'https://vjudge.net/problem/UVA-536', '图论', '二叉树', '2', '基础');
INSERT INTO `t_order` (`id`, `name`, `broad_knowledge`, `subdivision_knowledge`, `hard`, `master`) VALUES (5430, 'https://vjudge.net/problem/UVA-673', '数据结构', '栈 括号匹配', '1', '基础');
INSERT INTO `t_order` (`id`, `name`, `broad_knowledge`, `subdivision_knowledge`, `hard`, `master`) VALUES (5431, 'https://vjudge.net/problem/UVA-11853', '算法', '平面几何 搜索', '2', '基础');
INSERT INTO `t_order` (`id`, `name`, `broad_knowledge`, `subdivision_knowledge`, `hard`, `master`) VALUES (5432, 'https://vjudge.net/problem/UVA-1599', '算法', '双向bfs', '2', '基础');
INSERT INTO `t_order` (`id`, `name`, `broad_knowledge`, `subdivision_knowledge`, `hard`, `master`) VALUES (5433, 'https://vjudge.net/problem/UVA-10562', '算法', 'dfs', '2', '基础');
INSERT INTO `t_order` (`id`, `name`, `broad_knowledge`, `subdivision_knowledge`, `hard`, `master`) VALUES (5434, 'https://vjudge.net/problem/HDU-1385', '图论', '最短路 打印解', '3', '基础');
INSERT INTO `t_order` (`id`, `name`, `broad_knowledge`, `subdivision_knowledge`, `hard`, `master`) VALUES (5435, 'https://vjudge.net/problem/HDU-1704', '图论', 'floyd', '3', '基础');
INSERT INTO `t_order` (`id`, `name`, `broad_knowledge`, `subdivision_knowledge`, `hard`, `master`) VALUES (5436, 'https://vjudge.net/problem/HDU-3631', '图论', 'floyd', '3', '基础');
INSERT INTO `t_order` (`id`, `name`, `broad_knowledge`, `subdivision_knowledge`, `hard`, `master`) VALUES (5437, 'https://vjudge.net/problem/HDU-1599', '图论', 'floyd 最小环', '2', '基础');
INSERT INTO `t_order` (`id`, `name`, `broad_knowledge`, `subdivision_knowledge`, `hard`, `master`) VALUES (5438, 'https://vjudge.net/problem/POJ-1270', '图论', '拓扑排序', '2', '基础');
INSERT INTO `t_order` (`id`, `name`, `broad_knowledge`, `subdivision_knowledge`, `hard`, `master`) VALUES (5439, 'https://vjudge.net/problem/HDU-1811', '图论', '并查集 拓扑排序', '3', '基础');
INSERT INTO `t_order` (`id`, `name`, `broad_knowledge`, `subdivision_knowledge`, `hard`, `master`) VALUES (5440, 'https://vjudge.net/problem/HDU-2544', '图论', '最短路', '2', '基础');
INSERT INTO `t_order` (`id`, `name`, `broad_knowledge`, `subdivision_knowledge`, `hard`, `master`) VALUES (5441, 'https://vjudge.net/problem/HDU-4857', '图论', '拓扑排序 反向建图', '3', '基础');
INSERT INTO `t_order` (`id`, `name`, `broad_knowledge`, `subdivision_knowledge`, `hard`, `master`) VALUES (5442, 'https://vjudge.net/problem/POJ-3984', '算法', '搜索', '1', '基础');
INSERT INTO `t_order` (`id`, `name`, `broad_knowledge`, `subdivision_knowledge`, `hard`, `master`) VALUES (5443, 'https://vjudge.net/problem/UVA-10305', '图论', '拓扑排序', '1', '基础');
INSERT INTO `t_order` (`id`, `name`, `broad_knowledge`, `subdivision_knowledge`, `hard`, `master`) VALUES (5444, 'https://vjudge.net/problem/HDU-1000', '算法', '暴力', '0', '基础');
INSERT INTO `t_order` (`id`, `name`, `broad_knowledge`, `subdivision_knowledge`, `hard`, `master`) VALUES (5445, 'https://vjudge.net/problem/POJ-2481', '数据结构', '树状数组', '3', '基础');
INSERT INTO `t_order` (`id`, `name`, `broad_knowledge`, `subdivision_knowledge`, `hard`, `master`) VALUES (5446, 'https://vjudge.net/problem/POJ-2352', '数据结构', '树状数组', '3', '基础');
INSERT INTO `t_order` (`id`, `name`, `broad_knowledge`, `subdivision_knowledge`, `hard`, `master`) VALUES (5447, 'https://vjudge.net/problem/POJ-3468', '数据结构', '线段树', '3', '基础');
INSERT INTO `t_order` (`id`, `name`, `broad_knowledge`, `subdivision_knowledge`, `hard`, `master`) VALUES (5448, 'https://vjudge.net/problem/HDU-1166', '数据结构', '线段树', '2', '基础');
INSERT INTO `t_order` (`id`, `name`, `broad_knowledge`, `subdivision_knowledge`, `hard`, `master`) VALUES (5449, 'https://vjudge.net/problem/POJ-3468', '数据结构', '线段树', '2', '基础');
INSERT INTO `t_order` (`id`, `name`, `broad_knowledge`, `subdivision_knowledge`, `hard`, `master`) VALUES (5450, 'https://vjudge.net/problem/HDU-1233', '图论', '最小生成树', '2', '基础');
INSERT INTO `t_order` (`id`, `name`, `broad_knowledge`, `subdivision_knowledge`, `hard`, `master`) VALUES (5451, 'https://vjudge.net/problem/HDU-1285', '图论', '拓扑排序', '2', '基础');
INSERT INTO `t_order` (`id`, `name`, `broad_knowledge`, `subdivision_knowledge`, `hard`, `master`) VALUES (5452, 'https://nanti.jisuanke.com/t/T2013', '数论', '快速幂', '1', '基础');
INSERT INTO `t_order` (`id`, `name`, `broad_knowledge`, `subdivision_knowledge`, `hard`, `master`) VALUES (5453, 'https://vjudge.net/problem/POJ-1182', '图论', '带权并查集', '3', '基础');
INSERT INTO `t_order` (`id`, `name`, `broad_knowledge`, `subdivision_knowledge`, `hard`, `master`) VALUES (5454, 'https://nanti.jisuanke.com/t/T2004', '数学', '杨辉三角', '1', '基础');
INSERT INTO `t_order` (`id`, `name`, `broad_knowledge`, `subdivision_knowledge`, `hard`, `master`) VALUES (5455, 'https://nanti.jisuanke.com/t/T2094', '数论', 'gcd 质因数分解', '3', '基础');
INSERT INTO `t_order` (`id`, `name`, `broad_knowledge`, `subdivision_knowledge`, `hard`, `master`) VALUES (5456, 'https://vjudge.net/problem/POJ-2236', '图论', '并查集', '2', '基础');
INSERT INTO `t_order` (`id`, `name`, `broad_knowledge`, `subdivision_knowledge`, `hard`, `master`) VALUES (5457, 'https://vjudge.net/problem/POJ-1703', '图论', '并查集', '2', '基础');
INSERT INTO `t_order` (`id`, `name`, `broad_knowledge`, `subdivision_knowledge`, `hard`, `master`) VALUES (5458, 'https://vjudge.net/problem/POJ-2524', '图论', '并查集', '2', '基础');
INSERT INTO `t_order` (`id`, `name`, `broad_knowledge`, `subdivision_knowledge`, `hard`, `master`) VALUES (5459, 'https://vjudge.net/problem/HDU-1710', '图论', '二叉树', '2', '基础');
INSERT INTO `t_order` (`id`, `name`, `broad_knowledge`, `subdivision_knowledge`, `hard`, `master`) VALUES (5460, 'https://vjudge.net/problem/HDU-1213', '图论', '并查集', '1', '基础');
INSERT INTO `t_order` (`id`, `name`, `broad_knowledge`, `subdivision_knowledge`, `hard`, `master`) VALUES (5461, 'https://vjudge.net/problem/UVA-816', '算法', 'bfs', '3', '基础');
INSERT INTO `t_order` (`id`, `name`, `broad_knowledge`, `subdivision_knowledge`, `hard`, `master`) VALUES (5462, 'https://vjudge.net/problem/UVA-572', '算法', '搜索', '1', '基础');
INSERT INTO `t_order` (`id`, `name`, `broad_knowledge`, `subdivision_knowledge`, `hard`, `master`) VALUES (5463, 'https://nanti.jisuanke.com/t/A1755', '数论', 'Pollard_rho', '3', '基础');
INSERT INTO `t_order` (`id`, `name`, `broad_knowledge`, `subdivision_knowledge`, `hard`, `master`) VALUES (5464, 'https://vjudge.net/problem/UVA-297', '算法', '递归', '2', '基础');
INSERT INTO `t_order` (`id`, `name`, `broad_knowledge`, `subdivision_knowledge`, `hard`, `master`) VALUES (5465, 'https://vjudge.net/problem/UVA-839', '算法', '递归', '2', '基础');
INSERT INTO `t_order` (`id`, `name`, `broad_knowledge`, `subdivision_knowledge`, `hard`, `master`) VALUES (5466, 'https://vjudge.net/problem/UVA-699', '算法', '递归', '1', '基础');
INSERT INTO `t_order` (`id`, `name`, `broad_knowledge`, `subdivision_knowledge`, `hard`, `master`) VALUES (5467, 'https://vjudge.net/problem/UVA-548', '图论', '二叉树', '2', '基础');
INSERT INTO `t_order` (`id`, `name`, `broad_knowledge`, `subdivision_knowledge`, `hard`, `master`) VALUES (5468, 'https://vjudge.net/problem/UVA-122', '算法', 'bfs', '1', '基础');
INSERT INTO `t_order` (`id`, `name`, `broad_knowledge`, `subdivision_knowledge`, `hard`, `master`) VALUES (5469, 'https://vjudge.net/problem/UVA-679', '算法', '思维', '1', '基础');
INSERT INTO `t_order` (`id`, `name`, `broad_knowledge`, `subdivision_knowledge`, `hard`, `master`) VALUES (5470, 'https://vjudge.net/problem/UVA-12657', '数据结构', '双向链表', '3', '基础');
INSERT INTO `t_order` (`id`, `name`, `broad_knowledge`, `subdivision_knowledge`, `hard`, `master`) VALUES (5471, 'https://vjudge.net/problem/UVA-11988', '数据结构', '链表', '2', '基础');
INSERT INTO `t_order` (`id`, `name`, `broad_knowledge`, `subdivision_knowledge`, `hard`, `master`) VALUES (5472, 'https://vjudge.net/problem/UVA-442', '数据结构', '栈', '2', '基础');
INSERT INTO `t_order` (`id`, `name`, `broad_knowledge`, `subdivision_knowledge`, `hard`, `master`) VALUES (5473, 'https://vjudge.net/problem/UVA-514', '数据结构', '栈', '2', '基础');
INSERT INTO `t_order` (`id`, `name`, `broad_knowledge`, `subdivision_knowledge`, `hard`, `master`) VALUES (5474, 'https://vjudge.net/problem/UVA-12504', '数据结构', 'map', '1', '基础');
INSERT INTO `t_order` (`id`, `name`, `broad_knowledge`, `subdivision_knowledge`, `hard`, `master`) VALUES (5475, 'https://vjudge.net/problem/UVA-12100', '数据结构', '队列 模拟', '1', '基础');
INSERT INTO `t_order` (`id`, `name`, `broad_knowledge`, `subdivision_knowledge`, `hard`, `master`) VALUES (5476, 'https://vjudge.net/problem/Gym-102222H', '算法', '贪心 排序', '2', '基础');
INSERT INTO `t_order` (`id`, `name`, `broad_knowledge`, `subdivision_knowledge`, `hard`, `master`) VALUES (5477, 'https://vjudge.net/problem/UVA-1595', '数据结构', 'map 平面几何', '2', '基础');
INSERT INTO `t_order` (`id`, `name`, `broad_knowledge`, `subdivision_knowledge`, `hard`, `master`) VALUES (5478, 'https://vjudge.net/problem/UVA-10391', '算法', '暴力 set', '1', '基础');
INSERT INTO `t_order` (`id`, `name`, `broad_knowledge`, `subdivision_knowledge`, `hard`, `master`) VALUES (5479, 'https://vjudge.net/problem/UVA-10763', '数据结构', 'map', '1', '基础');
INSERT INTO `t_order` (`id`, `name`, `broad_knowledge`, `subdivision_knowledge`, `hard`, `master`) VALUES (5480, 'https://vjudge.net/problem/UVA-10935', '算法', '模拟', '1', '基础');
INSERT INTO `t_order` (`id`, `name`, `broad_knowledge`, `subdivision_knowledge`, `hard`, `master`) VALUES (5481, 'https://vjudge.net/problem/UVA-1594', '数据结构', 'set map', '1', '基础');
INSERT INTO `t_order` (`id`, `name`, `broad_knowledge`, `subdivision_knowledge`, `hard`, `master`) VALUES (5482, 'https://vjudge.net/problem/UVA-1593', '算法', '暴力', '1', '基础');
INSERT INTO `t_order` (`id`, `name`, `broad_knowledge`, `subdivision_knowledge`, `hard`, `master`) VALUES (5483, 'https://vjudge.net/problem/UVA-221', '算法', '离散化 排序', '2', '基础');
INSERT INTO `t_order` (`id`, `name`, `broad_knowledge`, `subdivision_knowledge`, `hard`, `master`) VALUES (5484, 'https://vjudge.net/problem/UVA-1592', '算法', '暴力 map', '2', '基础');
INSERT INTO `t_order` (`id`, `name`, `broad_knowledge`, `subdivision_knowledge`, `hard`, `master`) VALUES (5485, 'https://vjudge.net/problem/HDU-5698', '数学', '组合计数', '2', '基础');
INSERT INTO `t_order` (`id`, `name`, `broad_knowledge`, `subdivision_knowledge`, `hard`, `master`) VALUES (5486, 'https://vjudge.net/problem/HDU-4810', '数学', '组合计数 二进制优化', '3', '基础');
INSERT INTO `t_order` (`id`, `name`, `broad_knowledge`, `subdivision_knowledge`, `hard`, `master`) VALUES (5487, 'https://vjudge.net/problem/HDU-1716', '算法', '搜索 暴力', '1', '基础');
INSERT INTO `t_order` (`id`, `name`, `broad_knowledge`, `subdivision_knowledge`, `hard`, `master`) VALUES (5488, 'https://vjudge.net/problem/UVA-11889', '数论', 'lcm 质因数分解', '2', '基础');
INSERT INTO `t_order` (`id`, `name`, `broad_knowledge`, `subdivision_knowledge`, `hard`, `master`) VALUES (5489, 'https://vjudge.net/problem/UVA-10892', '数论', '质因数分解 计数', '2', '基础');
INSERT INTO `t_order` (`id`, `name`, `broad_knowledge`, `subdivision_knowledge`, `hard`, `master`) VALUES (5490, 'https://vjudge.net/problem/UVA-1315', '算法', '暴力 排序 找规律', '2', '基础');
INSERT INTO `t_order` (`id`, `name`, `broad_knowledge`, `subdivision_knowledge`, `hard`, `master`) VALUES (5491, 'https://vjudge.net/problem/UVA-10883', '数学', '组合数', '2', '基础');
INSERT INTO `t_order` (`id`, `name`, `broad_knowledge`, `subdivision_knowledge`, `hard`, `master`) VALUES (5492, 'https://vjudge.net/problem/UVA-11461', '数论', '基础定理', '1', '基础');
INSERT INTO `t_order` (`id`, `name`, `broad_knowledge`, `subdivision_knowledge`, `hard`, `master`) VALUES (5493, 'https://vjudge.net/problem/UVA-11609', '数学', '组合数 快速幂', '1', '基础');
INSERT INTO `t_order` (`id`, `name`, `broad_knowledge`, `subdivision_knowledge`, `hard`, `master`) VALUES (5494, 'https://vjudge.net/problem/UVA-11401', '动态规划', '递推 找规律', '2', '基础');
INSERT INTO `t_order` (`id`, `name`, `broad_knowledge`, `subdivision_knowledge`, `hard`, `master`) VALUES (5495, 'https://vjudge.net/problem/UVA-10943', '动态规划', '递推 找规律', '2', '基础');
INSERT INTO `t_order` (`id`, `name`, `broad_knowledge`, `subdivision_knowledge`, `hard`, `master`) VALUES (5496, 'https://vjudge.net/problem/UVA-11388', '数论', 'gcd lcm', '1', '基础');
INSERT INTO `t_order` (`id`, `name`, `broad_knowledge`, `subdivision_knowledge`, `hard`, `master`) VALUES (5497, 'https://vjudge.net/problem/POJ-3048', '数论', '素数筛选', '1', '基础');
INSERT INTO `t_order` (`id`, `name`, `broad_knowledge`, `subdivision_knowledge`, `hard`, `master`) VALUES (5498, 'https://vjudge.net/problem/HDU-2125', '动态规划 数学', 'dp 组合数', '2', '基础');
INSERT INTO `t_order` (`id`, `name`, `broad_knowledge`, `subdivision_knowledge`, `hard`, `master`) VALUES (5499, 'https://vjudge.net/problem/UVA-400', '算法', '暴力 模拟', '1', '基础');
INSERT INTO `t_order` (`id`, `name`, `broad_knowledge`, `subdivision_knowledge`, `hard`, `master`) VALUES (5500, 'https://vjudge.net/problem/UVA-136', '算法', '暴力', '1', '基础');
INSERT INTO `t_order` (`id`, `name`, `broad_knowledge`, `subdivision_knowledge`, `hard`, `master`) VALUES (5501, 'https://vjudge.net/problem/UVA-540', '算法', '模拟', '1', '基础');
INSERT INTO `t_order` (`id`, `name`, `broad_knowledge`, `subdivision_knowledge`, `hard`, `master`) VALUES (5502, 'https://vjudge.net/problem/UVA-12096', '算法', '模拟', '1', '基础');
INSERT INTO `t_order` (`id`, `name`, `broad_knowledge`, `subdivision_knowledge`, `hard`, `master`) VALUES (5503, 'https://vjudge.net/problem/UVA-156', '算法', '模拟', '1', '基础');
INSERT INTO `t_order` (`id`, `name`, `broad_knowledge`, `subdivision_knowledge`, `hard`, `master`) VALUES (5504, 'https://vjudge.net/problem/UVA-10815', '算法', '模拟', '1', '基础');
INSERT INTO `t_order` (`id`, `name`, `broad_knowledge`, `subdivision_knowledge`, `hard`, `master`) VALUES (5505, 'https://vjudge.net/problem/UVA-101', '算法', '模拟', '1', '基础');
INSERT INTO `t_order` (`id`, `name`, `broad_knowledge`, `subdivision_knowledge`, `hard`, `master`) VALUES (5506, 'https://vjudge.net/problem/UVA-455', '算法', '模拟', '1', '基础');
INSERT INTO `t_order` (`id`, `name`, `broad_knowledge`, `subdivision_knowledge`, `hard`, `master`) VALUES (5507, 'https://vjudge.net/problem/UVA-10474', '算法', '二分', '1', '基础');
INSERT INTO `t_order` (`id`, `name`, `broad_knowledge`, `subdivision_knowledge`, `hard`, `master`) VALUES (5508, 'https://vjudge.net/problem/UVA-12108', '算法', '模拟', '2', '基础');
INSERT INTO `t_order` (`id`, `name`, `broad_knowledge`, `subdivision_knowledge`, `hard`, `master`) VALUES (5509, 'https://vjudge.net/problem/UVA-815', '算法', '模拟 排序', '1', '基础');
INSERT INTO `t_order` (`id`, `name`, `broad_knowledge`, `subdivision_knowledge`, `hard`, `master`) VALUES (5510, 'https://vjudge.net/problem/UVA-1590', '算法', '模拟 计网', '2', '基础');
INSERT INTO `t_order` (`id`, `name`, `broad_knowledge`, `subdivision_knowledge`, `hard`, `master`) VALUES (5511, 'https://vjudge.net/problem/UVA-508', '算法', '模拟', '1', '基础');
INSERT INTO `t_order` (`id`, `name`, `broad_knowledge`, `subdivision_knowledge`, `hard`, `master`) VALUES (5512, 'https://vjudge.net/problem/POJ-1811', '数论', 'Miller_Rabin', '2', '基础');
INSERT INTO `t_order` (`id`, `name`, `broad_knowledge`, `subdivision_knowledge`, `hard`, `master`) VALUES (5513, 'https://vjudge.net/problem/UVA-220', '算法', '暴力 模拟', '3', '基础');
INSERT INTO `t_order` (`id`, `name`, `broad_knowledge`, `subdivision_knowledge`, `hard`, `master`) VALUES (5514, 'https://vjudge.net/problem/HDU-2147', '博弈论', 'sg函数 打表', '3', '基础');
INSERT INTO `t_order` (`id`, `name`, `broad_knowledge`, `subdivision_knowledge`, `hard`, `master`) VALUES (5515, 'https://vjudge.net/problem/UVA-253', '算法', '暴力 枚举', '2', '基础');
INSERT INTO `t_order` (`id`, `name`, `broad_knowledge`, `subdivision_knowledge`, `hard`, `master`) VALUES (5516, 'https://vjudge.net/problem/UVA-201', '算法', '模拟', '2', '基础');
INSERT INTO `t_order` (`id`, `name`, `broad_knowledge`, `subdivision_knowledge`, `hard`, `master`) VALUES (5517, 'https://vjudge.net/problem/UVA-1589', '算法', '模拟', '4', '分类基础');
INSERT INTO `t_order` (`id`, `name`, `broad_knowledge`, `subdivision_knowledge`, `hard`, `master`) VALUES (5518, 'https://vjudge.net/problem/UVA-213', '算法', '模拟 字符串', '2', '基础');
INSERT INTO `t_order` (`id`, `name`, `broad_knowledge`, `subdivision_knowledge`, `hard`, `master`) VALUES (5519, 'https://vjudge.net/problem/UVA-133', '算法', '模拟 约瑟夫环', '1', '基础');
INSERT INTO `t_order` (`id`, `name`, `broad_knowledge`, `subdivision_knowledge`, `hard`, `master`) VALUES (5520, 'https://vjudge.net/problem/UVA-369', '数学', '组合数', '0', '基础');
INSERT INTO `t_order` (`id`, `name`, `broad_knowledge`, `subdivision_knowledge`, `hard`, `master`) VALUES (5521, 'https://vjudge.net/problem/UVA-489', '算法', '模拟', '1', '基础');
INSERT INTO `t_order` (`id`, `name`, `broad_knowledge`, `subdivision_knowledge`, `hard`, `master`) VALUES (5522, 'https://vjudge.net/problem/UVA-1339', '算法', '模拟 排序', '0', '基础');
INSERT INTO `t_order` (`id`, `name`, `broad_knowledge`, `subdivision_knowledge`, `hard`, `master`) VALUES (5523, 'https://vjudge.net/problem/UVA-1368', '算法', '贪心 模拟', '1', '基础');
INSERT INTO `t_order` (`id`, `name`, `broad_knowledge`, `subdivision_knowledge`, `hard`, `master`) VALUES (5524, 'https://vjudge.net/problem/CodeForces-299C', '博弈论', '贪心', '1', '基础');
INSERT INTO `t_order` (`id`, `name`, `broad_knowledge`, `subdivision_knowledge`, `hard`, `master`) VALUES (5525, 'https://vjudge.net/problem/HDU-1847', '博弈论', '巴什博弈 sg函数', '3', '基础');
INSERT INTO `t_order` (`id`, `name`, `broad_knowledge`, `subdivision_knowledge`, `hard`, `master`) VALUES (5526, 'https://vjudge.net/problem/HDU-1846', '博弈论', '巴什博弈', '2', '基础');
INSERT INTO `t_order` (`id`, `name`, `broad_knowledge`, `subdivision_knowledge`, `hard`, `master`) VALUES (5527, 'https://vjudge.net/problem/HDU-1564', '博弈论', 'sg函数 打表', '3', '基础');
INSERT INTO `t_order` (`id`, `name`, `broad_knowledge`, `subdivision_knowledge`, `hard`, `master`) VALUES (5528, 'https://vjudge.net/problem/HDU-1525', '博弈论', '欧几里得博弈', '2', '基础');
INSERT INTO `t_order` (`id`, `name`, `broad_knowledge`, `subdivision_knowledge`, `hard`, `master`) VALUES (5529, 'https://vjudge.net/problem/HDU-1079', '博弈论', 'sg函数', '2', '基础');
INSERT INTO `t_order` (`id`, `name`, `broad_knowledge`, `subdivision_knowledge`, `hard`, `master`) VALUES (5530, 'https://vjudge.net/problem/CodeForces-961C', '算法', '枚举 暴力 搜索', '2', '基础');
INSERT INTO `t_order` (`id`, `name`, `broad_knowledge`, `subdivision_knowledge`, `hard`, `master`) VALUES (5531, 'https://vjudge.net/problem/CodeForces-1005C', '算法', '打表 思维', '2', '基础');
INSERT INTO `t_order` (`id`, `name`, `broad_knowledge`, `subdivision_knowledge`, `hard`, `master`) VALUES (5532, 'https://vjudge.net/problem/POJ-3273', '算法', '二分答案', '2', '基础');
INSERT INTO `t_order` (`id`, `name`, `broad_knowledge`, `subdivision_knowledge`, `hard`, `master`) VALUES (5533, 'https://vjudge.net/problem/HDU-6186', '算法', '暴力 位运输', '2', '基础');
INSERT INTO `t_order` (`id`, `name`, `broad_knowledge`, `subdivision_knowledge`, `hard`, `master`) VALUES (5534, 'https://vjudge.net/problem/CodeForces-817B', '数学', '组合数', '1', '基础');
INSERT INTO `t_order` (`id`, `name`, `broad_knowledge`, `subdivision_knowledge`, `hard`, `master`) VALUES (5535, 'https://vjudge.net/problem/CodeForces-805B', '算法', '构造 思维', '1', '基础');
INSERT INTO `t_order` (`id`, `name`, `broad_knowledge`, `subdivision_knowledge`, `hard`, `master`) VALUES (5536, 'https://vjudge.net/problem/CodeForces-940B', '数学', '思维', '1', '基础');
INSERT INTO `t_order` (`id`, `name`, `broad_knowledge`, `subdivision_knowledge`, `hard`, `master`) VALUES (5537, 'https://vjudge.net/problem/CodeForces-915C', '算法', '排序 暴力', '2', '基础');
INSERT INTO `t_order` (`id`, `name`, `broad_knowledge`, `subdivision_knowledge`, `hard`, `master`) VALUES (5538, 'https://vjudge.net/problem/Kattis-inflation', '图论 动态规划', 'dfs dp', '2', '基础');
INSERT INTO `t_order` (`id`, `name`, `broad_knowledge`, `subdivision_knowledge`, `hard`, `master`) VALUES (5539, 'https://vjudge.net/problem/Gym-101669K', '算法', '贪心', '1', '基础');
INSERT INTO `t_order` (`id`, `name`, `broad_knowledge`, `subdivision_knowledge`, `hard`, `master`) VALUES (5540, 'https://vjudge.net/problem/Kattis-delivery', '算法', '模拟 排序', '3', '基础');
INSERT INTO `t_order` (`id`, `name`, `broad_knowledge`, `subdivision_knowledge`, `hard`, `master`) VALUES (5541, 'https://vjudge.net/problem/Kattis-ada', '算法', '模拟', '1', '基础');
INSERT INTO `t_order` (`id`, `name`, `broad_knowledge`, `subdivision_knowledge`, `hard`, `master`) VALUES (5542, 'https://vjudge.net/problem/UVALive-8474', '计算几何', '平面几何', '1', '基础');
INSERT INTO `t_order` (`id`, `name`, `broad_knowledge`, `subdivision_knowledge`, `hard`, `master`) VALUES (5543, 'https://vjudge.net/problem/Kattis-apples', '算法', '暴力', '1', '基础');
INSERT INTO `t_order` (`id`, `name`, `broad_knowledge`, `subdivision_knowledge`, `hard`, `master`) VALUES (5544, 'https://vjudge.net/problem/UVALive-7692', '算法', '贪心 排序', '2', '基础');
INSERT INTO `t_order` (`id`, `name`, `broad_knowledge`, `subdivision_knowledge`, `hard`, `master`) VALUES (5545, 'https://vjudge.net/problem/HDU-2158', '算法', '双指针', '2', '基础');
INSERT INTO `t_order` (`id`, `name`, `broad_knowledge`, `subdivision_knowledge`, `hard`, `master`) VALUES (5546, 'https://vjudge.net/problem/CodeForces-1038D', '算法', '贪心 思维', '3', '基础');
INSERT INTO `t_order` (`id`, `name`, `broad_knowledge`, `subdivision_knowledge`, `hard`, `master`) VALUES (5547, 'https://vjudge.net/problem/CodeForces-1176A', '算法', '暴力', '1', '基础');
INSERT INTO `t_order` (`id`, `name`, `broad_knowledge`, `subdivision_knowledge`, `hard`, `master`) VALUES (5548, 'https://vjudge.net/problem/POJ-2456', '算法', '二分答案 贪心', '3', '基础');
INSERT INTO `t_order` (`id`, `name`, `broad_knowledge`, `subdivision_knowledge`, `hard`, `master`) VALUES (5549, 'https://vjudge.net/problem/CodeForces-587A', '算法', '思维', '1', '基础');
INSERT INTO `t_order` (`id`, `name`, `broad_knowledge`, `subdivision_knowledge`, `hard`, `master`) VALUES (5550, 'https://vjudge.net/problem/HDU-5139', '算法', '找规律 打表 离线处理', '3', '基础');
INSERT INTO `t_order` (`id`, `name`, `broad_knowledge`, `subdivision_knowledge`, `hard`, `master`) VALUES (5551, 'https://vjudge.net/problem/HDU-5233', '算法', 'map 离散化', '1', '基础');
INSERT INTO `t_order` (`id`, `name`, `broad_knowledge`, `subdivision_knowledge`, `hard`, `master`) VALUES (5552, 'https://vjudge.net/problem/HDU-5199', '算法', 'map 暴力', '1', '基础');
INSERT INTO `t_order` (`id`, `name`, `broad_knowledge`, `subdivision_knowledge`, `hard`, `master`) VALUES (5553, 'https://vjudge.net/problem/UVA-562', '动态规划', '01背包', '1', '基础');
INSERT INTO `t_order` (`id`, `name`, `broad_knowledge`, `subdivision_knowledge`, `hard`, `master`) VALUES (5554, 'https://vjudge.net/problem/CodeForces-922B', '数学', '思维 暴力', '1', '基础');
INSERT INTO `t_order` (`id`, `name`, `broad_knowledge`, `subdivision_knowledge`, `hard`, `master`) VALUES (5555, 'https://vjudge.net/problem/HDU-5144', '算法', '三分', '2', '基础');
INSERT INTO `t_order` (`id`, `name`, `broad_knowledge`, `subdivision_knowledge`, `hard`, `master`) VALUES (5556, 'https://vjudge.net/problem/POJ-2773', '数学 算法', '容斥定理 二分', '3', '基础');
INSERT INTO `t_order` (`id`, `name`, `broad_knowledge`, `subdivision_knowledge`, `hard`, `master`) VALUES (5557, 'https://vjudge.net/problem/UVA-10168', '数论', '素数筛选 思维', '2', '基础');
INSERT INTO `t_order` (`id`, `name`, `broad_knowledge`, `subdivision_knowledge`, `hard`, `master`) VALUES (5558, 'https://vjudge.net/problem/POJ-2262', '数论', '素数筛选', '1', '基础');
INSERT INTO `t_order` (`id`, `name`, `broad_knowledge`, `subdivision_knowledge`, `hard`, `master`) VALUES (5559, 'https://vjudge.net/problem/UVA-10635', '动态规划', 'LIS', '1', '基础');
INSERT INTO `t_order` (`id`, `name`, `broad_knowledge`, `subdivision_knowledge`, `hard`, `master`) VALUES (5560, 'https://vjudge.net/problem/CodeForces-429B', '动态规划', '二维DP', '3', '基础');
INSERT INTO `t_order` (`id`, `name`, `broad_knowledge`, `subdivision_knowledge`, `hard`, `master`) VALUES (5561, 'https://vjudge.net/problem/UVALive-5583', '动态规划', '背包', '3', '基础');
INSERT INTO `t_order` (`id`, `name`, `broad_knowledge`, `subdivision_knowledge`, `hard`, `master`) VALUES (5562, 'https://vjudge.net/problem/POJ-2160', '算法', '暴力', '1', '基础');
INSERT INTO `t_order` (`id`, `name`, `broad_knowledge`, `subdivision_knowledge`, `hard`, `master`) VALUES (5563, 'https://vjudge.net/problem/UVA-202', '算法', '暴力', '2', '基础');
INSERT INTO `t_order` (`id`, `name`, `broad_knowledge`, `subdivision_knowledge`, `hard`, `master`) VALUES (5564, 'https://vjudge.net/problem/POJ-1936', '算法', '暴力 双指针', '1', '基础');
INSERT INTO `t_order` (`id`, `name`, `broad_knowledge`, `subdivision_knowledge`, `hard`, `master`) VALUES (5565, 'https://vjudge.net/problem/EOlymp-1342', '算法', '暴力 字符串', '1', '基础');
INSERT INTO `t_order` (`id`, `name`, `broad_knowledge`, `subdivision_knowledge`, `hard`, `master`) VALUES (5566, 'https://vjudge.net/problem/UVA-1225', '算法', '模拟', '1', '基础');
INSERT INTO `t_order` (`id`, `name`, `broad_knowledge`, `subdivision_knowledge`, `hard`, `master`) VALUES (5567, 'https://vjudge.net/problem/UVA-1586', '算法', '暴力', '1', '基础');
INSERT INTO `t_order` (`id`, `name`, `broad_knowledge`, `subdivision_knowledge`, `hard`, `master`) VALUES (5568, 'https://vjudge.net/problem/UVA-1585', '算法', '暴力', '0', '基础');
INSERT INTO `t_order` (`id`, `name`, `broad_knowledge`, `subdivision_knowledge`, `hard`, `master`) VALUES (5569, 'https://vjudge.net/problem/UVA-1584', '算法', '模拟 暴力', '1', '基础');
INSERT INTO `t_order` (`id`, `name`, `broad_knowledge`, `subdivision_knowledge`, `hard`, `master`) VALUES (5570, 'https://vjudge.net/problem/UVA-1583', '算法', '暴力', '1', '基础');
INSERT INTO `t_order` (`id`, `name`, `broad_knowledge`, `subdivision_knowledge`, `hard`, `master`) VALUES (5571, 'https://vjudge.net/problem/UVA-401', '算法', '暴力', '0', '基础');
INSERT INTO `t_order` (`id`, `name`, `broad_knowledge`, `subdivision_knowledge`, `hard`, `master`) VALUES (5572, 'https://vjudge.net/problem/HDU-6276', '算法', '前缀和', '1', '基础');
INSERT INTO `t_order` (`id`, `name`, `broad_knowledge`, `subdivision_knowledge`, `hard`, `master`) VALUES (5573, 'https://vjudge.net/problem/HDU-5443', '动态规划', 'RMQ', '2', '基础');
INSERT INTO `t_order` (`id`, `name`, `broad_knowledge`, `subdivision_knowledge`, `hard`, `master`) VALUES (5574, 'https://vjudge.net/problem/Kattis-runlengthencodingrun', '算法', '暴力', '1', '基础');
INSERT INTO `t_order` (`id`, `name`, `broad_knowledge`, `subdivision_knowledge`, `hard`, `master`) VALUES (5575, 'https://vjudge.net/problem/Kattis-dasblinkenlights', '算法', '暴力', '1', '基础');
INSERT INTO `t_order` (`id`, `name`, `broad_knowledge`, `subdivision_knowledge`, `hard`, `master`) VALUES (5576, 'https://vjudge.net/problem/Kattis-leftandright', '算法', '暴力', '1', '基础');
INSERT INTO `t_order` (`id`, `name`, `broad_knowledge`, `subdivision_knowledge`, `hard`, `master`) VALUES (5577, 'https://vjudge.net/problem/ZOJ-1884', '算法', '暴力', '1', '基础');
INSERT INTO `t_order` (`id`, `name`, `broad_knowledge`, `subdivision_knowledge`, `hard`, `master`) VALUES (5578, 'https://vjudge.net/problem/UVA-272', '算法', '暴力', '0', '基础');
INSERT INTO `t_order` (`id`, `name`, `broad_knowledge`, `subdivision_knowledge`, `hard`, `master`) VALUES (5579, 'https://vjudge.net/problem/CodeForces-1178A', '算法', '模拟', '1', '基础');
INSERT INTO `t_order` (`id`, `name`, `broad_knowledge`, `subdivision_knowledge`, `hard`, `master`) VALUES (5580, 'https://vjudge.net/problem/HDU-1087', '动态规划', '线性DP', '1', '基础');
INSERT INTO `t_order` (`id`, `name`, `broad_knowledge`, `subdivision_knowledge`, `hard`, `master`) VALUES (5581, 'https://vjudge.net/problem/HDU-1019', '数论', 'lcm', '1', '基础');
INSERT INTO `t_order` (`id`, `name`, `broad_knowledge`, `subdivision_knowledge`, `hard`, `master`) VALUES (5582, 'https://vjudge.net/problem/HDU-1003', '算法', '贪心', '1', '基础');
INSERT INTO `t_order` (`id`, `name`, `broad_knowledge`, `subdivision_knowledge`, `hard`, `master`) VALUES (5583, 'https://vjudge.net/problem/HDU-6804', '动态规划 算法', '01背包 随机化', '4', '分类基础');
INSERT INTO `t_order` (`id`, `name`, `broad_knowledge`, `subdivision_knowledge`, `hard`, `master`) VALUES (5584, 'https://vjudge.net/problem/UVA-11174', '数学', '组合计数 逆元', '3', '基础');
INSERT INTO `t_order` (`id`, `name`, `broad_knowledge`, `subdivision_knowledge`, `hard`, `master`) VALUES (5585, 'https://nanti.jisuanke.com/t/40890', '算法', '暴力 排序', '1', '基础');
INSERT INTO `t_order` (`id`, `name`, `broad_knowledge`, `subdivision_knowledge`, `hard`, `master`) VALUES (5586, 'https://nanti.jisuanke.com/t/40894', '算法', '模拟', '1', '基础');
INSERT INTO `t_order` (`id`, `name`, `broad_knowledge`, `subdivision_knowledge`, `hard`, `master`) VALUES (5587, 'https://nanti.jisuanke.com/t/A1530', '算法', '签到', '0', '基础');
INSERT INTO `t_order` (`id`, `name`, `broad_knowledge`, `subdivision_knowledge`, `hard`, `master`) VALUES (5588, 'https://nanti.jisuanke.com/t/A1541', '算法', '打表 找规律 大数', '3', '基础');
INSERT INTO `t_order` (`id`, `name`, `broad_knowledge`, `subdivision_knowledge`, `hard`, `master`) VALUES (5589, 'https://nanti.jisuanke.com/t/A1539', '算法', '思维 暴力', '2', '基础');
INSERT INTO `t_order` (`id`, `name`, `broad_knowledge`, `subdivision_knowledge`, `hard`, `master`) VALUES (5590, 'https://nanti.jisuanke.com/t/40853', '算法', '暴力', '1', '基础');
INSERT INTO `t_order` (`id`, `name`, `broad_knowledge`, `subdivision_knowledge`, `hard`, `master`) VALUES (5591, 'https://nanti.jisuanke.com/t/41012', '算法', '暴力 排序', '1', '基础');
INSERT INTO `t_order` (`id`, `name`, `broad_knowledge`, `subdivision_knowledge`, `hard`, `master`) VALUES (5592, 'https://nanti.jisuanke.com/t/41006', '动态规划', '线性DP', '2', '基础');
INSERT INTO `t_order` (`id`, `name`, `broad_knowledge`, `subdivision_knowledge`, `hard`, `master`) VALUES (5593, 'https://nanti.jisuanke.com/t/41355', '数学', '矩阵快速幂 取模循环节 map 思维', '3', '基础');
INSERT INTO `t_order` (`id`, `name`, `broad_knowledge`, `subdivision_knowledge`, `hard`, `master`) VALUES (5594, 'https://nanti.jisuanke.com/t/42545', '算法', '打表', '3', '基础');
INSERT INTO `t_order` (`id`, `name`, `broad_knowledge`, `subdivision_knowledge`, `hard`, `master`) VALUES (5595, 'https://nanti.jisuanke.com/t/42540', '算法', '异或性质', '3', '基础');
INSERT INTO `t_order` (`id`, `name`, `broad_knowledge`, `subdivision_knowledge`, `hard`, `master`) VALUES (5596, 'https://nanti.jisuanke.com/t/42578', '数学', '计数 找规律', '3', '基础');
INSERT INTO `t_order` (`id`, `name`, `broad_knowledge`, `subdivision_knowledge`, `hard`, `master`) VALUES (5597, 'https://nanti.jisuanke.com/t/42582', '算法', '思维 暴力 dp', '3', '基础');
INSERT INTO `t_order` (`id`, `name`, `broad_knowledge`, `subdivision_knowledge`, `hard`, `master`) VALUES (5598, 'https://nanti.jisuanke.com/t/42382', '算法', '暴力', '1', '基础');
INSERT INTO `t_order` (`id`, `name`, `broad_knowledge`, `subdivision_knowledge`, `hard`, `master`) VALUES (5599, 'https://nanti.jisuanke.com/t/42386', '数学', '公式推导', '4', '分类基础');
INSERT INTO `t_order` (`id`, `name`, `broad_knowledge`, `subdivision_knowledge`, `hard`, `master`) VALUES (5600, 'https://nanti.jisuanke.com/t/43492', '算法', '暴力', '1', '基础');
INSERT INTO `t_order` (`id`, `name`, `broad_knowledge`, `subdivision_knowledge`, `hard`, `master`) VALUES (5601, 'https://nanti.jisuanke.com/t/43122', '算法', '模拟', '2', '基础');
INSERT INTO `t_order` (`id`, `name`, `broad_knowledge`, `subdivision_knowledge`, `hard`, `master`) VALUES (5602, 'https://nanti.jisuanke.com/t/43123', '图论', '最短路', '2', '基础');
INSERT INTO `t_order` (`id`, `name`, `broad_knowledge`, `subdivision_knowledge`, `hard`, `master`) VALUES (5603, 'https://nanti.jisuanke.com/t/43512', '算法', '三分', '3', '基础');
INSERT INTO `t_order` (`id`, `name`, `broad_knowledge`, `subdivision_knowledge`, `hard`, `master`) VALUES (5604, 'https://nanti.jisuanke.com/t/43389', '算法', '模拟', '1', '基础');
INSERT INTO `t_order` (`id`, `name`, `broad_knowledge`, `subdivision_knowledge`, `hard`, `master`) VALUES (5605, 'https://nanti.jisuanke.com/t/43392', '算法', '思维', '2', '基础');
INSERT INTO `t_order` (`id`, `name`, `broad_knowledge`, `subdivision_knowledge`, `hard`, `master`) VALUES (5606, 'https://nanti.jisuanke.com/t/43391', '算法', '模拟', '3', '基础');
INSERT INTO `t_order` (`id`, `name`, `broad_knowledge`, `subdivision_knowledge`, `hard`, `master`) VALUES (5607, 'https://nanti.jisuanke.com/t/43394', '图论', '竞赛图 哈密顿回路', '3', '分类基础');
INSERT INTO `t_order` (`id`, `name`, `broad_knowledge`, `subdivision_knowledge`, `hard`, `master`) VALUES (5608, 'https://nanti.jisuanke.com/t/43372', '图论', 'floyd 传递闭包', '3', '基础');
INSERT INTO `t_order` (`id`, `name`, `broad_knowledge`, `subdivision_knowledge`, `hard`, `master`) VALUES (5609, 'https://nanti.jisuanke.com/t/43367', '算法', '模拟 lcm 高斯消元', '3', '基础');
INSERT INTO `t_order` (`id`, `name`, `broad_knowledge`, `subdivision_knowledge`, `hard`, `master`) VALUES (5610, 'https://nanti.jisuanke.com/t/43373', '算法', '贪心 优先队列', '3', '基础');
INSERT INTO `t_order` (`id`, `name`, `broad_knowledge`, `subdivision_knowledge`, `hard`, `master`) VALUES (5611, 'https://nanti.jisuanke.com/t/43370', '计算几何', '平面几何 线段相交', '2', '基础');
INSERT INTO `t_order` (`id`, `name`, `broad_knowledge`, `subdivision_knowledge`, `hard`, `master`) VALUES (5612, 'https://nanti.jisuanke.com/t/43493', '计算几何', '平面几何 多边形和圆', '3', '分类基础');
INSERT INTO `t_order` (`id`, `name`, `broad_knowledge`, `subdivision_knowledge`, `hard`, `master`) VALUES (5613, 'https://nanti.jisuanke.com/t/43381', '算法', '模拟', '2', '基础');
INSERT INTO `t_order` (`id`, `name`, `broad_knowledge`, `subdivision_knowledge`, `hard`, `master`) VALUES (5614, 'https://nanti.jisuanke.com/t/43383', '计算几何', '平面几何 圆与直线', '3', '分类基础');
INSERT INTO `t_order` (`id`, `name`, `broad_knowledge`, `subdivision_knowledge`, `hard`, `master`) VALUES (5615, 'https://nanti.jisuanke.com/t/43743', '计算几何', '公式推导', '3', '基础');
INSERT INTO `t_order` (`id`, `name`, `broad_knowledge`, `subdivision_knowledge`, `hard`, `master`) VALUES (5616, 'https://nanti.jisuanke.com/t/43466', '数据结构', '栈 括号匹配', '3', '基础');
INSERT INTO `t_order` (`id`, `name`, `broad_knowledge`, `subdivision_knowledge`, `hard`, `master`) VALUES (5617, 'https://nanti.jisuanke.com/t/44335', '数据机构 计算几何', '树状数组 平面几何', '3', '基础');
INSERT INTO `t_order` (`id`, `name`, `broad_knowledge`, `subdivision_knowledge`, `hard`, `master`) VALUES (5618, 'https://nanti.jisuanke.com/t/44323', '算法', '暴力', '2', '基础');
INSERT INTO `t_order` (`id`, `name`, `broad_knowledge`, `subdivision_knowledge`, `hard`, `master`) VALUES (5619, 'https://nanti.jisuanke.com/t/44324', '算法', '贪心 模拟 排序', '3', '基础');
INSERT INTO `t_order` (`id`, `name`, `broad_knowledge`, `subdivision_knowledge`, `hard`, `master`) VALUES (5620, 'https://nanti.jisuanke.com/t/43319', '算法', '思维 暴力 计数', '3', '基础');
INSERT INTO `t_order` (`id`, `name`, `broad_knowledge`, `subdivision_knowledge`, `hard`, `master`) VALUES (5621, 'https://nanti.jisuanke.com/t/43317', '计算几何', '平面几何', '3', '基础');
INSERT INTO `t_order` (`id`, `name`, `broad_knowledge`, `subdivision_knowledge`, `hard`, `master`) VALUES (5622, 'https://nanti.jisuanke.com/t/44460', '图论 动态规划', '树上问题 树形DP', '3', '基础');
INSERT INTO `t_order` (`id`, `name`, `broad_knowledge`, `subdivision_knowledge`, `hard`, `master`) VALUES (5623, 'https://nanti.jisuanke.com/t/44456', '算法', '双指针', '2', '基础');
INSERT INTO `t_order` (`id`, `name`, `broad_knowledge`, `subdivision_knowledge`, `hard`, `master`) VALUES (5624, 'https://nanti.jisuanke.com/t/44691', '字符串', 'trie', '3', '基础');
INSERT INTO `t_order` (`id`, `name`, `broad_knowledge`, `subdivision_knowledge`, `hard`, `master`) VALUES (5625, 'https://nanti.jisuanke.com/t/45186', '数学', '公式推导 矩阵快速幂', '3', '分类基础');
INSERT INTO `t_order` (`id`, `name`, `broad_knowledge`, `subdivision_knowledge`, `hard`, `master`) VALUES (5626, 'https://nanti.jisuanke.com/t/45176', '数学', '概率 暴力', '3', '基础');
INSERT INTO `t_order` (`id`, `name`, `broad_knowledge`, `subdivision_knowledge`, `hard`, `master`) VALUES (5627, 'https://nanti.jisuanke.com/t/45185', '算法', '思维 进制转换', '2', '基础');
INSERT INTO `t_order` (`id`, `name`, `broad_knowledge`, `subdivision_knowledge`, `hard`, `master`) VALUES (5628, 'https://nanti.jisuanke.com/t/45466', '算法', '思维 差分', '4', '分类基础');
INSERT INTO `t_order` (`id`, `name`, `broad_knowledge`, `subdivision_knowledge`, `hard`, `master`) VALUES (5629, 'https://nanti.jisuanke.com/t/43368', '动态规划', '状压DP', '3', '基础');
INSERT INTO `t_order` (`id`, `name`, `broad_knowledge`, `subdivision_knowledge`, `hard`, `master`) VALUES (5630, 'https://nanti.jisuanke.com/t/44593', '动态规划', '树形DP', '3', '基础');
INSERT INTO `t_order` (`id`, `name`, `broad_knowledge`, `subdivision_knowledge`, `hard`, `master`) VALUES (5631, 'https://nanti.jisuanke.com/t/42397', '动态规划', '二维DP 拓扑排序', '3', '基础');
INSERT INTO `t_order` (`id`, `name`, `broad_knowledge`, `subdivision_knowledge`, `hard`, `master`) VALUES (5632, 'https://nanti.jisuanke.com/t/31434', '动态规划', '二维DP 二维前缀和', '3', '基础');
INSERT INTO `t_order` (`id`, `name`, `broad_knowledge`, `subdivision_knowledge`, `hard`, `master`) VALUES (5633, 'https://nanti.jisuanke.com/t/44529', '算法', '构造 思维', '3', '基础');
INSERT INTO `t_order` (`id`, `name`, `broad_knowledge`, `subdivision_knowledge`, `hard`, `master`) VALUES (5634, 'https://nanti.jisuanke.com/t/A1956', '数论', '欧拉筛', '1', '基础');
INSERT INTO `t_order` (`id`, `name`, `broad_knowledge`, `subdivision_knowledge`, `hard`, `master`) VALUES (5635, 'https://nanti.jisuanke.com/t/A2144', '数学', '思维 打表 找规律 递推序列 高阶等差数列', '3', '基础');
INSERT INTO `t_order` (`id`, `name`, `broad_knowledge`, `subdivision_knowledge`, `hard`, `master`) VALUES (5636, 'https://nanti.jisuanke.com/t/A2202', '计算几何', '平面几何 公式推导', '3', '基础');
INSERT INTO `t_order` (`id`, `name`, `broad_knowledge`, `subdivision_knowledge`, `hard`, `master`) VALUES (5637, 'https://nanti.jisuanke.com/t/A2203', '数学', '打表 大数', '3', '基础');
INSERT INTO `t_order` (`id`, `name`, `broad_knowledge`, `subdivision_knowledge`, `hard`, `master`) VALUES (5638, 'https://nanti.jisuanke.com/t/A2036', '数学', '思维 公式推导', '3', '基础');
INSERT INTO `t_order` (`id`, `name`, `broad_knowledge`, `subdivision_knowledge`, `hard`, `master`) VALUES (5639, 'https://nanti.jisuanke.com/t/44597', '算法', '双指针', '3', '基础');
INSERT INTO `t_order` (`id`, `name`, `broad_knowledge`, `subdivision_knowledge`, `hard`, `master`) VALUES (5640, 'https://nanti.jisuanke.com/t/44534', '算法', '枚举 二进制优化', '2', '基础');
INSERT INTO `t_order` (`id`, `name`, `broad_knowledge`, `subdivision_knowledge`, `hard`, `master`) VALUES (5641, 'https://nanti.jisuanke.com/t/42405', '计算几何', '平面几何 叉乘', '3', '基础');
INSERT INTO `t_order` (`id`, `name`, `broad_knowledge`, `subdivision_knowledge`, `hard`, `master`) VALUES (5642, 'https://nanti.jisuanke.com/t/42387', '数据结构', '思维 线段树', '3', '基础');
INSERT INTO `t_order` (`id`, `name`, `broad_knowledge`, `subdivision_knowledge`, `hard`, `master`) VALUES (5643, 'https://uoj.ac/problem/188', '数论', 'min_25筛', '4', '分类基础');
INSERT INTO `t_order` (`id`, `name`, `broad_knowledge`, `subdivision_knowledge`, `hard`, `master`) VALUES (5644, 'https://loj.ac/p/10235', '数学', '组合计数 卢卡斯定理', '3', '基础');
INSERT INTO `t_order` (`id`, `name`, `broad_knowledge`, `subdivision_knowledge`, `hard`, `master`) VALUES (5645, 'https://acm.ecnu.edu.cn/problem/3866/', '算法', '二维前缀和', '3', '基础');
INSERT INTO `t_order` (`id`, `name`, `broad_knowledge`, `subdivision_knowledge`, `hard`, `master`) VALUES (5646, 'https://acm.ecnu.edu.cn/problem/3857/', '算法', '思维 构造 格雷码', '3', '基础');
INSERT INTO `t_order` (`id`, `name`, `broad_knowledge`, `subdivision_knowledge`, `hard`, `master`) VALUES (5647, 'https://acm.ecnu.edu.cn/problem/3911/', '算法', '思维 贪心', '3', '基础');
INSERT INTO `t_order` (`id`, `name`, `broad_knowledge`, `subdivision_knowledge`, `hard`, `master`) VALUES (5648, 'https://acm.ecnu.edu.cn/problem/3914/', '图论', '贪心 思维', '3', '基础');
INSERT INTO `t_order` (`id`, `name`, `broad_knowledge`, `subdivision_knowledge`, `hard`, `master`) VALUES (5649, 'https://acm.ecnu.edu.cn/contest/383/problem/D/', '数论', '质因数分解 思维', '3', '基础');
INSERT INTO `t_order` (`id`, `name`, `broad_knowledge`, `subdivision_knowledge`, `hard`, `master`) VALUES (5650, 'https://ac.nowcoder.com/acm/problem/217201', '动态规划', '线性DP', '2', '基础');
INSERT INTO `t_order` (`id`, `name`, `broad_knowledge`, `subdivision_knowledge`, `hard`, `master`) VALUES (5651, 'https://ac.nowcoder.com/acm/problem/222816', '算法', '模拟', '2', '基础');
INSERT INTO `t_order` (`id`, `name`, `broad_knowledge`, `subdivision_knowledge`, `hard`, `master`) VALUES (5652, 'https://ac.nowcoder.com/acm/problem/222813', '数论', '欧拉筛', '2', '基础');
INSERT INTO `t_order` (`id`, `name`, `broad_knowledge`, `subdivision_knowledge`, `hard`, `master`) VALUES (5653, 'https://ac.nowcoder.com/acm/problem/222814', '算法', '暴力', '1', '基础');
INSERT INTO `t_order` (`id`, `name`, `broad_knowledge`, `subdivision_knowledge`, `hard`, `master`) VALUES (5654, 'https://ac.nowcoder.com/acm/problem/222806', '算法', '模拟', '0', '基础');
INSERT INTO `t_order` (`id`, `name`, `broad_knowledge`, `subdivision_knowledge`, `hard`, `master`) VALUES (5655, 'https://ac.nowcoder.com/acm/problem/222804', '算法', '模拟', '0', '基础');
INSERT INTO `t_order` (`id`, `name`, `broad_knowledge`, `subdivision_knowledge`, `hard`, `master`) VALUES (5656, 'https://ac.nowcoder.com/acm/problem/214047', '数论', '欧拉函数 莫比乌斯反演 差分', '4', '分类基础');
INSERT INTO `t_order` (`id`, `name`, `broad_knowledge`, `subdivision_knowledge`, `hard`, `master`) VALUES (5657, 'https://ac.nowcoder.com/acm/problem/218217', '动态规划', '线性DP 计数', '3', '基础');
INSERT INTO `t_order` (`id`, `name`, `broad_knowledge`, `subdivision_knowledge`, `hard`, `master`) VALUES (5658, 'https://ac.nowcoder.com/acm/problem/218216', '数学', '公式推导 思维', '2', '基础');
INSERT INTO `t_order` (`id`, `name`, `broad_knowledge`, `subdivision_knowledge`, `hard`, `master`) VALUES (5659, 'https://ac.nowcoder.com/acm/problem/218216', '算法', '暴力', '1', '基础');
INSERT INTO `t_order` (`id`, `name`, `broad_knowledge`, `subdivision_knowledge`, `hard`, `master`) VALUES (5660, 'https://ac.nowcoder.com/acm/problem/216159', '数学', '异或高斯消元 思维', '4', '分类基础');
INSERT INTO `t_order` (`id`, `name`, `broad_knowledge`, `subdivision_knowledge`, `hard`, `master`) VALUES (5661, 'https://ac.nowcoder.com/acm/problem/216040', '算法', '暴力 思维', '3', '基础');
INSERT INTO `t_order` (`id`, `name`, `broad_knowledge`, `subdivision_knowledge`, `hard`, `master`) VALUES (5662, 'https://ac.nowcoder.com/acm/problem/214842', '动态规划', '数位DP', '3', '基础');
INSERT INTO `t_order` (`id`, `name`, `broad_knowledge`, `subdivision_knowledge`, `hard`, `master`) VALUES (5663, 'https://ac.nowcoder.com/acm/problem/219027', '算法', '模拟', '3', '基础');
INSERT INTO `t_order` (`id`, `name`, `broad_knowledge`, `subdivision_knowledge`, `hard`, `master`) VALUES (5664, 'https://ac.nowcoder.com/acm/problem/219030', '图论', 'floyd', '3', '基础');
INSERT INTO `t_order` (`id`, `name`, `broad_knowledge`, `subdivision_knowledge`, `hard`, `master`) VALUES (5665, 'https://ac.nowcoder.com/acm/problem/219030', '数学', '思维', '1', '基础');
INSERT INTO `t_order` (`id`, `name`, `broad_knowledge`, `subdivision_knowledge`, `hard`, `master`) VALUES (5666, 'https://ac.nowcoder.com/acm/problem/219040', '数据结构', '栈 括号匹配 模拟', '3', '基础');
INSERT INTO `t_order` (`id`, `name`, `broad_knowledge`, `subdivision_knowledge`, `hard`, `master`) VALUES (5667, 'https://ac.nowcoder.com/acm/problem/217838', '算法', '离散化 差分', '3', '基础');
INSERT INTO `t_order` (`id`, `name`, `broad_knowledge`, `subdivision_knowledge`, `hard`, `master`) VALUES (5668, 'https://ac.nowcoder.com/acm/problem/217838', '图论', '贪心 并查集 排序', '4', '基础');
INSERT INTO `t_order` (`id`, `name`, `broad_knowledge`, `subdivision_knowledge`, `hard`, `master`) VALUES (5669, 'https://ac.nowcoder.com/acm/problem/218512', '数学', '组合计数', '3', '基础');
INSERT INTO `t_order` (`id`, `name`, `broad_knowledge`, `subdivision_knowledge`, `hard`, `master`) VALUES (5670, 'https://ac.nowcoder.com/acm/problem/218541', '算法', '思维', '1', '基础');
INSERT INTO `t_order` (`id`, `name`, `broad_knowledge`, `subdivision_knowledge`, `hard`, `master`) VALUES (5671, 'https://ac.nowcoder.com/acm/problem/217806', '数学', '打表', '3', '基础');
INSERT INTO `t_order` (`id`, `name`, `broad_knowledge`, `subdivision_knowledge`, `hard`, `master`) VALUES (5672, 'https://ac.nowcoder.com/acm/problem/217835', '数据结构', '思维 暴力 双端队列', '3', '基础');
INSERT INTO `t_order` (`id`, `name`, `broad_knowledge`, `subdivision_knowledge`, `hard`, `master`) VALUES (5673, 'https://ac.nowcoder.com/acm/problem/217843', '算法', '思维 构造', '3', '基础');
INSERT INTO `t_order` (`id`, `name`, `broad_knowledge`, `subdivision_knowledge`, `hard`, `master`) VALUES (5674, 'https://ac.nowcoder.com/acm/problem/217840', '数论', '线性筛 质因数分解', '3', '基础');
INSERT INTO `t_order` (`id`, `name`, `broad_knowledge`, `subdivision_knowledge`, `hard`, `master`) VALUES (5675, 'https://ac.nowcoder.com/acm/problem/217839', '算法', '暴力', '0', '基础');
INSERT INTO `t_order` (`id`, `name`, `broad_knowledge`, `subdivision_knowledge`, `hard`, `master`) VALUES (5676, 'https://ac.nowcoder.com/acm/problem/218424', '字符串', '哈希 二分', '3', '基础');
INSERT INTO `t_order` (`id`, `name`, `broad_knowledge`, `subdivision_knowledge`, `hard`, `master`) VALUES (5677, 'https://ac.nowcoder.com/acm/problem/218421', '数据结构 算法', '树上dfs 栈 模拟', '3', '基础');
INSERT INTO `t_order` (`id`, `name`, `broad_knowledge`, `subdivision_knowledge`, `hard`, `master`) VALUES (5678, 'https://ac.nowcoder.com/acm/problem/218421', '算法', '链表 倍增', '3', '基础');
INSERT INTO `t_order` (`id`, `name`, `broad_knowledge`, `subdivision_knowledge`, `hard`, `master`) VALUES (5679, 'https://ac.nowcoder.com/acm/problem/218422', '数论', 'gcd 质因数分解', '3', '基础');
INSERT INTO `t_order` (`id`, `name`, `broad_knowledge`, `subdivision_knowledge`, `hard`, `master`) VALUES (5680, 'https://ac.nowcoder.com/acm/problem/218458', '算法', '模拟', '1', '基础');
INSERT INTO `t_order` (`id`, `name`, `broad_knowledge`, `subdivision_knowledge`, `hard`, `master`) VALUES (5681, 'https://ac.nowcoder.com/acm/problem/217566', '图论', '思维 二维并查集', '3', '基础');
INSERT INTO `t_order` (`id`, `name`, `broad_knowledge`, `subdivision_knowledge`, `hard`, `master`) VALUES (5682, 'https://ac.nowcoder.com/acm/problem/214756', '算法', '双指针', '3', '基础');
INSERT INTO `t_order` (`id`, `name`, `broad_knowledge`, `subdivision_knowledge`, `hard`, `master`) VALUES (5683, 'https://ac.nowcoder.com/acm/problem/217539', '数论', '欧拉降幂', '3', '基础');
INSERT INTO `t_order` (`id`, `name`, `broad_knowledge`, `subdivision_knowledge`, `hard`, `master`) VALUES (5684, 'https://ac.nowcoder.com/acm/problem/214759', '数据结构', '线段树 链表', '3', '基础');
INSERT INTO `t_order` (`id`, `name`, `broad_knowledge`, `subdivision_knowledge`, `hard`, `master`) VALUES (5685, 'https://ac.nowcoder.com/acm/problem/214760', '算法', '暴力', '3', '基础');
INSERT INTO `t_order` (`id`, `name`, `broad_knowledge`, `subdivision_knowledge`, `hard`, `master`) VALUES (5686, 'https://ac.nowcoder.com/acm/problem/214757', '算法', '搜索', '3', '基础');
INSERT INTO `t_order` (`id`, `name`, `broad_knowledge`, `subdivision_knowledge`, `hard`, `master`) VALUES (5687, 'https://ac.nowcoder.com/acm/problem/214765', '博弈论', '思维', '2', '基础');
INSERT INTO `t_order` (`id`, `name`, `broad_knowledge`, `subdivision_knowledge`, `hard`, `master`) VALUES (5688, 'https://ac.nowcoder.com/acm/problem/214762', '算法', '思维 模拟', '3', '基础');
INSERT INTO `t_order` (`id`, `name`, `broad_knowledge`, `subdivision_knowledge`, `hard`, `master`) VALUES (5689, 'https://ac.nowcoder.com/acm/problem/214763', '动态规划', '线性DP', '3', '基础');
INSERT INTO `t_order` (`id`, `name`, `broad_knowledge`, `subdivision_knowledge`, `hard`, `master`) VALUES (5690, 'https://ac.nowcoder.com/acm/problem/214761', '图论', '并查集', '2', '基础');
INSERT INTO `t_order` (`id`, `name`, `broad_knowledge`, `subdivision_knowledge`, `hard`, `master`) VALUES (5691, 'https://ac.nowcoder.com/acm/problem/214758', '算法', '暴力', '0', '基础');
INSERT INTO `t_order` (`id`, `name`, `broad_knowledge`, `subdivision_knowledge`, `hard`, `master`) VALUES (5692, 'https://ac.nowcoder.com/acm/problem/217185', '算法', '构造 思维', '3', '基础');
INSERT INTO `t_order` (`id`, `name`, `broad_knowledge`, `subdivision_knowledge`, `hard`, `master`) VALUES (5693, 'https://ac.nowcoder.com/acm/problem/217588', '计算几何', '立体几何', '3', '基础');
INSERT INTO `t_order` (`id`, `name`, `broad_knowledge`, `subdivision_knowledge`, `hard`, `master`) VALUES (5694, 'https://ac.nowcoder.com/acm/problem/217577', '数论', '欧拉筛 lcm 质因数分解', '3', '基础');
INSERT INTO `t_order` (`id`, `name`, `broad_knowledge`, `subdivision_knowledge`, `hard`, `master`) VALUES (5695, 'https://ac.nowcoder.com/acm/problem/217184', '算法', '思维 构造', '3', '基础');
INSERT INTO `t_order` (`id`, `name`, `broad_knowledge`, `subdivision_knowledge`, `hard`, `master`) VALUES (5696, 'https://ac.nowcoder.com/acm/problem/217565', '算法', '暴力', '0', '基础');
INSERT INTO `t_order` (`id`, `name`, `broad_knowledge`, `subdivision_knowledge`, `hard`, `master`) VALUES (5697, 'https://ac.nowcoder.com/acm/problem/217908', '算法', '贪心 公式推导', '3', '基础');
INSERT INTO `t_order` (`id`, `name`, `broad_knowledge`, `subdivision_knowledge`, `hard`, `master`) VALUES (5698, 'https://ac.nowcoder.com/acm/problem/217893', '算法', '模拟', '1', '基础');
INSERT INTO `t_order` (`id`, `name`, `broad_knowledge`, `subdivision_knowledge`, `hard`, `master`) VALUES (5699, 'https://ac.nowcoder.com/acm/problem/217892', '算法', '模拟', '1', '基础');
INSERT INTO `t_order` (`id`, `name`, `broad_knowledge`, `subdivision_knowledge`, `hard`, `master`) VALUES (5700, 'https://ac.nowcoder.com/acm/problem/217903', '算法', '模拟', '1', '基础');
INSERT INTO `t_order` (`id`, `name`, `broad_knowledge`, `subdivision_knowledge`, `hard`, `master`) VALUES (5701, 'https://ac.nowcoder.com/acm/problem/217907', '博弈论', 'sg函数 打表', '2', '基础');
INSERT INTO `t_order` (`id`, `name`, `broad_knowledge`, `subdivision_knowledge`, `hard`, `master`) VALUES (5702, 'https://ac.nowcoder.com/acm/problem/217894', '算法', '二分答案', '3', '基础');
INSERT INTO `t_order` (`id`, `name`, `broad_knowledge`, `subdivision_knowledge`, `hard`, `master`) VALUES (5703, 'https://ac.nowcoder.com/acm/problem/217902', '数学', '暴力', '1', '基础');
INSERT INTO `t_order` (`id`, `name`, `broad_knowledge`, `subdivision_knowledge`, `hard`, `master`) VALUES (5704, 'https://ac.nowcoder.com/acm/problem/217896', '算法', '模拟', '1', '基础');
INSERT INTO `t_order` (`id`, `name`, `broad_knowledge`, `subdivision_knowledge`, `hard`, `master`) VALUES (5705, 'https://ac.nowcoder.com/acm/problem/217905', '博弈论', '思维', '2', '基础');
INSERT INTO `t_order` (`id`, `name`, `broad_knowledge`, `subdivision_knowledge`, `hard`, `master`) VALUES (5706, 'https://ac.nowcoder.com/acm/problem/217897', '算法', '暴力', '1', '基础');
INSERT INTO `t_order` (`id`, `name`, `broad_knowledge`, `subdivision_knowledge`, `hard`, `master`) VALUES (5707, 'https://ac.nowcoder.com/acm/problem/217899', '算法', '暴力', '0', '基础');
INSERT INTO `t_order` (`id`, `name`, `broad_knowledge`, `subdivision_knowledge`, `hard`, `master`) VALUES (5708, 'https://ac.nowcoder.com/acm/problem/214945', '数学', '线性基 二分', '3', '分类基础');
INSERT INTO `t_order` (`id`, `name`, `broad_knowledge`, `subdivision_knowledge`, `hard`, `master`) VALUES (5709, 'https://ac.nowcoder.com/acm/problem/214391', '数学', '组合计数', '3', '基础');
INSERT INTO `t_order` (`id`, `name`, `broad_knowledge`, `subdivision_knowledge`, `hard`, `master`) VALUES (5710, 'https://ac.nowcoder.com/acm/problem/214391', '数学', '组合计数 公式推导', '3', '基础');
INSERT INTO `t_order` (`id`, `name`, `broad_knowledge`, `subdivision_knowledge`, `hard`, `master`) VALUES (5711, 'https://ac.nowcoder.com/acm/problem/215070', '算法', '暴力', '2', '基础');
INSERT INTO `t_order` (`id`, `name`, `broad_knowledge`, `subdivision_knowledge`, `hard`, `master`) VALUES (5712, 'https://ac.nowcoder.com/acm/problem/13249', '动态规划', '树形DP', '3', '基础');
INSERT INTO `t_order` (`id`, `name`, `broad_knowledge`, `subdivision_knowledge`, `hard`, `master`) VALUES (5713, 'https://ac.nowcoder.com/acm/problem/13230', '动态规划', '字符串 多维DP', '3', '基础');
INSERT INTO `t_order` (`id`, `name`, `broad_knowledge`, `subdivision_knowledge`, `hard`, `master`) VALUES (5714, 'https://ac.nowcoder.com/acm/problem/214844', '字符串', '二维哈希', '3', '基础');
INSERT INTO `t_order` (`id`, `name`, `broad_knowledge`, `subdivision_knowledge`, `hard`, `master`) VALUES (5715, 'https://ac.nowcoder.com/acm/problem/214844', '数学', '思维 gcd', '1', '基础');
INSERT INTO `t_order` (`id`, `name`, `broad_knowledge`, `subdivision_knowledge`, `hard`, `master`) VALUES (5716, 'https://ac.nowcoder.com/acm/problem/214846', '数论', '质因数分解', '2', '基础');
INSERT INTO `t_order` (`id`, `name`, `broad_knowledge`, `subdivision_knowledge`, `hard`, `master`) VALUES (5717, 'https://ac.nowcoder.com/acm/problem/214849', '数学', '思维 暴力', '1', '基础');
INSERT INTO `t_order` (`id`, `name`, `broad_knowledge`, `subdivision_knowledge`, `hard`, `master`) VALUES (5718, 'https://ac.nowcoder.com/acm/problem/214845', '数学', '思维', '1', '基础');
INSERT INTO `t_order` (`id`, `name`, `broad_knowledge`, `subdivision_knowledge`, `hard`, `master`) VALUES (5719, 'https://ac.nowcoder.com/acm/problem/214850', '算法', '暴力 set', '1', '基础');
INSERT INTO `t_order` (`id`, `name`, `broad_knowledge`, `subdivision_knowledge`, `hard`, `master`) VALUES (5720, 'https://ac.nowcoder.com/acm/problem/214851', '字符串', '暴力', '1', '基础');
INSERT INTO `t_order` (`id`, `name`, `broad_knowledge`, `subdivision_knowledge`, `hard`, `master`) VALUES (5721, 'https://ac.nowcoder.com/acm/problem/23046', '数论', '快速幂 慢速乘', '2', '基础');
INSERT INTO `t_order` (`id`, `name`, `broad_knowledge`, `subdivision_knowledge`, `hard`, `master`) VALUES (5722, 'https://ac.nowcoder.com/acm/problem/207405', '数据结构', '栈 括号匹配', '2', '基础');
INSERT INTO `t_order` (`id`, `name`, `broad_knowledge`, `subdivision_knowledge`, `hard`, `master`) VALUES (5723, 'https://ac.nowcoder.com/acm/problem/52855', '动态规划 数论', '线性dp 原根 bitset优化', '4', '分类基础');
INSERT INTO `t_order` (`id`, `name`, `broad_knowledge`, `subdivision_knowledge`, `hard`, `master`) VALUES (5724, 'https://ac.nowcoder.com/acm/problem/204758', '动态规划', '背包', '2', '基础');
INSERT INTO `t_order` (`id`, `name`, `broad_knowledge`, `subdivision_knowledge`, `hard`, `master`) VALUES (5725, 'https://ac.nowcoder.com/acm/problem/202475', '动态规划', '树形DP', '2', '基础');
INSERT INTO `t_order` (`id`, `name`, `broad_knowledge`, `subdivision_knowledge`, `hard`, `master`) VALUES (5726, 'https://ac.nowcoder.com/acm/problem/206026', '数学', '线性递推 找规律 打表 linear', '4', '分类基础');
INSERT INTO `t_order` (`id`, `name`, `broad_knowledge`, `subdivision_knowledge`, `hard`, `master`) VALUES (5727, 'https://ac.nowcoder.com/acm/problem/202155', '字符串', '字典树', '3', '基础');
INSERT INTO `t_order` (`id`, `name`, `broad_knowledge`, `subdivision_knowledge`, `hard`, `master`) VALUES (5728, 'https://ac.nowcoder.com/acm/problem/13221', '数论', '因数分解 计数 暴力', '3', '基础');
INSERT INTO `t_order` (`id`, `name`, `broad_knowledge`, `subdivision_knowledge`, `hard`, `master`) VALUES (5729, 'https://ac.nowcoder.com/acm/problem/205073', '数论 算法', '二分 整除分块', '4', '分类基础');
INSERT INTO `t_order` (`id`, `name`, `broad_knowledge`, `subdivision_knowledge`, `hard`, `master`) VALUES (5730, 'https://ac.nowcoder.com/acm/problem/206020', '数学', '组合计数', '3', '基础');
INSERT INTO `t_order` (`id`, `name`, `broad_knowledge`, `subdivision_knowledge`, `hard`, `master`) VALUES (5731, 'https://ac.nowcoder.com/acm/problem/205075', '数学', '组合计数 卡特兰数', '4', '分类基础');
INSERT INTO `t_order` (`id`, `name`, `broad_knowledge`, `subdivision_knowledge`, `hard`, `master`) VALUES (5732, 'https://ac.nowcoder.com/acm/problem/202589', '算法', 'bfs', '2', '基础');
INSERT INTO `t_order` (`id`, `name`, `broad_knowledge`, `subdivision_knowledge`, `hard`, `master`) VALUES (5733, 'https://ac.nowcoder.com/acm/problem/204584', '算法', '暴力', '0', '基础');
INSERT INTO `t_order` (`id`, `name`, `broad_knowledge`, `subdivision_knowledge`, `hard`, `master`) VALUES (5734, 'https://ac.nowcoder.com/acm/problem/206019', '算法', '搜索', '3', '基础');
INSERT INTO `t_order` (`id`, `name`, `broad_knowledge`, `subdivision_knowledge`, `hard`, `master`) VALUES (5735, 'https://ac.nowcoder.com/acm/problem/206018', '动态规划', '区间DP', '3', '基础');
INSERT INTO `t_order` (`id`, `name`, `broad_knowledge`, `subdivision_knowledge`, `hard`, `master`) VALUES (5736, 'https://ac.nowcoder.com/acm/problem/207502', '计算几何', '立体几何 暴力', '2', '基础');
INSERT INTO `t_order` (`id`, `name`, `broad_knowledge`, `subdivision_knowledge`, `hard`, `master`) VALUES (5737, 'https://ac.nowcoder.com/acm/problem/207557', '数论', '欧拉筛 前缀和 后缀和', '3', '基础');
INSERT INTO `t_order` (`id`, `name`, `broad_knowledge`, `subdivision_knowledge`, `hard`, `master`) VALUES (5738, 'https://ac.nowcoder.com/acm/problem/207504', '数据结构', '线段树', '3', '基础');
INSERT INTO `t_order` (`id`, `name`, `broad_knowledge`, `subdivision_knowledge`, `hard`, `master`) VALUES (5739, 'https://ac.nowcoder.com/acm/problem/207269', '算法', '二分答案 并查集', '3', '基础');
INSERT INTO `t_order` (`id`, `name`, `broad_knowledge`, `subdivision_knowledge`, `hard`, `master`) VALUES (5740, 'https://ac.nowcoder.com/acm/problem/207595', '算法', '暴力', '0', '基础');
INSERT INTO `t_order` (`id`, `name`, `broad_knowledge`, `subdivision_knowledge`, `hard`, `master`) VALUES (5741, 'https://ac.nowcoder.com/acm/problem/206016', '博弈论', '找规律', '1', '基础');
INSERT INTO `t_order` (`id`, `name`, `broad_knowledge`, `subdivision_knowledge`, `hard`, `master`) VALUES (5742, 'https://ac.nowcoder.com/acm/problem/206017', '算法', '模拟 数学期望', '1', '基础');
INSERT INTO `t_order` (`id`, `name`, `broad_knowledge`, `subdivision_knowledge`, `hard`, `master`) VALUES (5743, 'https://ac.nowcoder.com/acm/problem/206021', '数据结构', '线段树 树状数组 贪心', '3', '基础');
INSERT INTO `t_order` (`id`, `name`, `broad_knowledge`, `subdivision_knowledge`, `hard`, `master`) VALUES (5744, 'https://ac.nowcoder.com/acm/problem/205074', '算法', '贪心 暴力', '3', '基础');
INSERT INTO `t_order` (`id`, `name`, `broad_knowledge`, `subdivision_knowledge`, `hard`, `master`) VALUES (5745, 'https://ac.nowcoder.com/acm/problem/205092', '算法', '模拟 暴力', '2', '基础');
INSERT INTO `t_order` (`id`, `name`, `broad_knowledge`, `subdivision_knowledge`, `hard`, `master`) VALUES (5746, 'https://ac.nowcoder.com/acm/problem/205164', '算法', '找规律 预处理', '2', '基础');
INSERT INTO `t_order` (`id`, `name`, `broad_knowledge`, `subdivision_knowledge`, `hard`, `master`) VALUES (5747, 'https://ac.nowcoder.com/acm/problem/205076', '数学', '组合计数', '1', '基础');
INSERT INTO `t_order` (`id`, `name`, `broad_knowledge`, `subdivision_knowledge`, `hard`, `master`) VALUES (5748, 'https://ac.nowcoder.com/acm/problem/205095', '算法', '贪心', '3', '基础');
INSERT INTO `t_order` (`id`, `name`, `broad_knowledge`, `subdivision_knowledge`, `hard`, `master`) VALUES (5749, 'https://ac.nowcoder.com/acm/problem/15158', '图论', '树上dfs 思维', '3', '基础');
INSERT INTO `t_order` (`id`, `name`, `broad_knowledge`, `subdivision_knowledge`, `hard`, `master`) VALUES (5750, 'https://ac.nowcoder.com/acm/problem/13885', '动态规划 数学', '线性dp 鸽巢定理 bitset优化', '3', '基础');
INSERT INTO `t_order` (`id`, `name`, `broad_knowledge`, `subdivision_knowledge`, `hard`, `master`) VALUES (5751, 'https://ac.nowcoder.com/acm/problem/16515', '数论 算法', '素数筛选 质因数分解 搜索', '3', '基础');
INSERT INTO `t_order` (`id`, `name`, `broad_knowledge`, `subdivision_knowledge`, `hard`, `master`) VALUES (5752, 'https://ac.nowcoder.com/acm/problem/14733', '数学', '思维', '1', '基础');
INSERT INTO `t_order` (`id`, `name`, `broad_knowledge`, `subdivision_knowledge`, `hard`, `master`) VALUES (5753, 'https://ac.nowcoder.com/acm/problem/13825', '算法', '模拟', '0', '基础');
INSERT INTO `t_order` (`id`, `name`, `broad_knowledge`, `subdivision_knowledge`, `hard`, `master`) VALUES (5754, 'https://ac.nowcoder.com/acm/problem/205053', '动态规划', '线性dp', '1', '基础');
INSERT INTO `t_order` (`id`, `name`, `broad_knowledge`, `subdivision_knowledge`, `hard`, `master`) VALUES (5755, 'https://ac.nowcoder.com/acm/problem/205052', '动态规划', '二维DP', '1', '基础');
INSERT INTO `t_order` (`id`, `name`, `broad_knowledge`, `subdivision_knowledge`, `hard`, `master`) VALUES (5756, 'https://ac.nowcoder.com/acm/problem/205050', '算法', '思维', '0', '基础');
INSERT INTO `t_order` (`id`, `name`, `broad_knowledge`, `subdivision_knowledge`, `hard`, `master`) VALUES (5757, 'https://ac.nowcoder.com/acm/problem/205051', '算法', '暴力', '1', '基础');
INSERT INTO `t_order` (`id`, `name`, `broad_knowledge`, `subdivision_knowledge`, `hard`, `master`) VALUES (5758, 'https://ac.nowcoder.com/acm/problem/16623', '数论', '质因数分解', '2', '基础');
INSERT INTO `t_order` (`id`, `name`, `broad_knowledge`, `subdivision_knowledge`, `hard`, `master`) VALUES (5759, 'https://ac.nowcoder.com/acm/problem/53389', '算法', '排序', '1', '基础');
INSERT INTO `t_order` (`id`, `name`, `broad_knowledge`, `subdivision_knowledge`, `hard`, `master`) VALUES (5760, 'https://ac.nowcoder.com/acm/problem/53079', '数论', '欧拉筛', '1', '基础');
INSERT INTO `t_order` (`id`, `name`, `broad_knowledge`, `subdivision_knowledge`, `hard`, `master`) VALUES (5761, 'https://ac.nowcoder.com/acm/problem/23990', '算法', '模拟', '1', '基础');
INSERT INTO `t_order` (`id`, `name`, `broad_knowledge`, `subdivision_knowledge`, `hard`, `master`) VALUES (5762, 'https://ac.nowcoder.com/acm/problem/23989', '算法', '签到', '0', '基础');
INSERT INTO `t_order` (`id`, `name`, `broad_knowledge`, `subdivision_knowledge`, `hard`, `master`) VALUES (5763, 'https://www.luogu.com.cn/problem/P1884', '算法', '离散化 扫描线', '3', '基础');
INSERT INTO `t_order` (`id`, `name`, `broad_knowledge`, `subdivision_knowledge`, `hard`, `master`) VALUES (5764, 'https://www.luogu.com.cn/problem/P3388', '图论', '割点', '2', '基础');
INSERT INTO `t_order` (`id`, `name`, `broad_knowledge`, `subdivision_knowledge`, `hard`, `master`) VALUES (5765, 'https://www.luogu.com.cn/problem/P2827', '算法', '贪心 思维 公式推导', '3', '基础');
INSERT INTO `t_order` (`id`, `name`, `broad_knowledge`, `subdivision_knowledge`, `hard`, `master`) VALUES (5766, 'https://www.luogu.com.cn/problem/AT4142', '算法', '双指针', '2', '基础');
INSERT INTO `t_order` (`id`, `name`, `broad_knowledge`, `subdivision_knowledge`, `hard`, `master`) VALUES (5767, 'https://www.luogu.com.cn/problem/P1001', '数学', '签到', '0', '基础');
INSERT INTO `t_order` (`id`, `name`, `broad_knowledge`, `subdivision_knowledge`, `hard`, `master`) VALUES (5768, 'https://www.luogu.com.cn/problem/P1002', '动态规划', '二维递推', '1', '基础');
INSERT INTO `t_order` (`id`, `name`, `broad_knowledge`, `subdivision_knowledge`, `hard`, `master`) VALUES (5769, 'https://www.luogu.com.cn/problem/P1009', '数学', '大数 模拟', '1', '基础');
INSERT INTO `t_order` (`id`, `name`, `broad_knowledge`, `subdivision_knowledge`, `hard`, `master`) VALUES (5770, 'https://www.luogu.com.cn/problem/P1010', '算法', '递归', '1', '基础');
INSERT INTO `t_order` (`id`, `name`, `broad_knowledge`, `subdivision_knowledge`, `hard`, `master`) VALUES (5771, 'https://www.luogu.com.cn/problem/P1012', '算法', '字符串 贪心 排序', '1', '基础');
INSERT INTO `t_order` (`id`, `name`, `broad_knowledge`, `subdivision_knowledge`, `hard`, `master`) VALUES (5772, 'https://www.luogu.com.cn/problem/P1017', '数学', '模拟 进制转换', '1', '基础');
INSERT INTO `t_order` (`id`, `name`, `broad_knowledge`, `subdivision_knowledge`, `hard`, `master`) VALUES (5773, 'https://www.luogu.com.cn/problem/P1019', '算法', '搜索 模拟', '2', '基础');
INSERT INTO `t_order` (`id`, `name`, `broad_knowledge`, `subdivision_knowledge`, `hard`, `master`) VALUES (5774, 'https://www.luogu.com.cn/problem/P1020', '动态规划', 'LIS Dilworth定理', '3', '基础');
INSERT INTO `t_order` (`id`, `name`, `broad_knowledge`, `subdivision_knowledge`, `hard`, `master`) VALUES (5775, 'https://www.luogu.com.cn/problem/P1024', '数学 算法', '二分 暴力', '2', '基础');
INSERT INTO `t_order` (`id`, `name`, `broad_knowledge`, `subdivision_knowledge`, `hard`, `master`) VALUES (5776, 'https://www.luogu.com.cn/problem/P1025', '动态规划', '整数划分', '2', '基础');
INSERT INTO `t_order` (`id`, `name`, `broad_knowledge`, `subdivision_knowledge`, `hard`, `master`) VALUES (5777, 'https://www.luogu.com.cn/problem/P1028', '动态规划', '递推 递归', '1', '基础');
INSERT INTO `t_order` (`id`, `name`, `broad_knowledge`, `subdivision_knowledge`, `hard`, `master`) VALUES (5778, 'https://www.luogu.com.cn/problem/P1029', '数论', '质因数分解', '1', '基础');
INSERT INTO `t_order` (`id`, `name`, `broad_knowledge`, `subdivision_knowledge`, `hard`, `master`) VALUES (5779, 'https://www.luogu.com.cn/problem/P1032', '算法', '搜索 剪枝', '3', '基础');
INSERT INTO `t_order` (`id`, `name`, `broad_knowledge`, `subdivision_knowledge`, `hard`, `master`) VALUES (5780, 'https://www.luogu.com.cn/problem/P1036', '算法', '搜索 暴力', '1', '基础');
INSERT INTO `t_order` (`id`, `name`, `broad_knowledge`, `subdivision_knowledge`, `hard`, `master`) VALUES (5781, 'https://www.luogu.com.cn/problem/P1040', '动态规划', '区间DP dfs', '3', '基础');
INSERT INTO `t_order` (`id`, `name`, `broad_knowledge`, `subdivision_knowledge`, `hard`, `master`) VALUES (5782, 'https://www.luogu.com.cn/problem/P1042', '算法', '模拟', '1', '基础');
INSERT INTO `t_order` (`id`, `name`, `broad_knowledge`, `subdivision_knowledge`, `hard`, `master`) VALUES (5783, 'https://www.luogu.com.cn/problem/P1044', '数学', '卡特兰数', '1', '基础');
INSERT INTO `t_order` (`id`, `name`, `broad_knowledge`, `subdivision_knowledge`, `hard`, `master`) VALUES (5784, 'https://www.luogu.com.cn/problem/P1045', '数学', '思维 大数', '2', '基础');
INSERT INTO `t_order` (`id`, `name`, `broad_knowledge`, `subdivision_knowledge`, `hard`, `master`) VALUES (5785, 'https://www.luogu.com.cn/problem/P1047', '算法', '模拟 差分', '0', '基础');
INSERT INTO `t_order` (`id`, `name`, `broad_knowledge`, `subdivision_knowledge`, `hard`, `master`) VALUES (5786, 'https://www.luogu.com.cn/problem/P1048', '动态规划', '01背包', '1', '基础');
INSERT INTO `t_order` (`id`, `name`, `broad_knowledge`, `subdivision_knowledge`, `hard`, `master`) VALUES (5787, 'https://www.luogu.com.cn/problem/P1059', '算法', '排序', '0', '基础');
INSERT INTO `t_order` (`id`, `name`, `broad_knowledge`, `subdivision_knowledge`, `hard`, `master`) VALUES (5788, 'https://www.luogu.com.cn/problem/P1065', '算法', '模拟', '3', '基础');
INSERT INTO `t_order` (`id`, `name`, `broad_knowledge`, `subdivision_knowledge`, `hard`, `master`) VALUES (5789, 'https://www.luogu.com.cn/problem/P1067', '算法', '模拟', '1', '基础');
INSERT INTO `t_order` (`id`, `name`, `broad_knowledge`, `subdivision_knowledge`, `hard`, `master`) VALUES (5790, 'https://www.luogu.com.cn/problem/P1068', '算法', '模拟', '1', '基础');
INSERT INTO `t_order` (`id`, `name`, `broad_knowledge`, `subdivision_knowledge`, `hard`, `master`) VALUES (5791, 'https://www.luogu.com.cn/problem/P1075', '数论', '因数分解', '0', '基础');
INSERT INTO `t_order` (`id`, `name`, `broad_knowledge`, `subdivision_knowledge`, `hard`, `master`) VALUES (5792, 'https://www.luogu.com.cn/problem/P1080', '算法', '贪心 排序', '2', '基础');
INSERT INTO `t_order` (`id`, `name`, `broad_knowledge`, `subdivision_knowledge`, `hard`, `master`) VALUES (5793, 'https://www.luogu.com.cn/problem/P1081', '算法', '倍增', '3', '基础');
INSERT INTO `t_order` (`id`, `name`, `broad_knowledge`, `subdivision_knowledge`, `hard`, `master`) VALUES (5794, 'https://www.luogu.com.cn/problem/P1082', '数论', 'exgcd', '2', '基础');
INSERT INTO `t_order` (`id`, `name`, `broad_knowledge`, `subdivision_knowledge`, `hard`, `master`) VALUES (5795, 'https://www.luogu.com.cn/problem/P1088', '算法', '枚举', '1', '基础');
INSERT INTO `t_order` (`id`, `name`, `broad_knowledge`, `subdivision_knowledge`, `hard`, `master`) VALUES (5796, 'https://www.luogu.com.cn/problem/P1090', '算法', '贪心', '1', '基础');
INSERT INTO `t_order` (`id`, `name`, `broad_knowledge`, `subdivision_knowledge`, `hard`, `master`) VALUES (5797, 'https://www.luogu.com.cn/problem/P1093', '算法', '模拟 排序', '1', '基础');
INSERT INTO `t_order` (`id`, `name`, `broad_knowledge`, `subdivision_knowledge`, `hard`, `master`) VALUES (5798, 'https://www.luogu.com.cn/problem/P1094', '算法', '贪心 排序', '1', '基础');
INSERT INTO `t_order` (`id`, `name`, `broad_knowledge`, `subdivision_knowledge`, `hard`, `master`) VALUES (5799, 'https://www.luogu.com.cn/problem/P1098', '算法', '模拟', '1', '基础');
INSERT INTO `t_order` (`id`, `name`, `broad_knowledge`, `subdivision_knowledge`, `hard`, `master`) VALUES (5800, 'https://www.luogu.com.cn/problem/P1100', '算法', '位运算', '1', '基础');
INSERT INTO `t_order` (`id`, `name`, `broad_knowledge`, `subdivision_knowledge`, `hard`, `master`) VALUES (5801, 'https://www.luogu.com.cn/problem/P1101', '算法', '搜索', '1', '基础');
INSERT INTO `t_order` (`id`, `name`, `broad_knowledge`, `subdivision_knowledge`, `hard`, `master`) VALUES (5802, 'https://www.luogu.com.cn/problem/P1102', '算法', '二分 双指针', '2', '基础');
INSERT INTO `t_order` (`id`, `name`, `broad_knowledge`, `subdivision_knowledge`, `hard`, `master`) VALUES (5803, 'https://www.luogu.com.cn/problem/P1104', '算法', '模拟', '1', '基础');
INSERT INTO `t_order` (`id`, `name`, `broad_knowledge`, `subdivision_knowledge`, `hard`, `master`) VALUES (5804, 'https://www.luogu.com.cn/problem/P1106', '算法', '贪心 模拟', '1', '基础');
INSERT INTO `t_order` (`id`, `name`, `broad_knowledge`, `subdivision_knowledge`, `hard`, `master`) VALUES (5805, 'https://www.luogu.com.cn/problem/P1108', '算法', 'LIS', '3', '基础');
INSERT INTO `t_order` (`id`, `name`, `broad_knowledge`, `subdivision_knowledge`, `hard`, `master`) VALUES (5806, 'https://www.luogu.com.cn/problem/P1115', '动态规划', '线性DP', '1', '基础');
INSERT INTO `t_order` (`id`, `name`, `broad_knowledge`, `subdivision_knowledge`, `hard`, `master`) VALUES (5807, 'https://www.luogu.com.cn/problem/P1116', '算法', '模拟 排序', '0', '基础');
INSERT INTO `t_order` (`id`, `name`, `broad_knowledge`, `subdivision_knowledge`, `hard`, `master`) VALUES (5808, 'https://www.luogu.com.cn/problem/P1122', '动态规划', '树形DP', '2', '基础');
INSERT INTO `t_order` (`id`, `name`, `broad_knowledge`, `subdivision_knowledge`, `hard`, `master`) VALUES (5809, 'https://www.luogu.com.cn/problem/P1135', '算法', '搜索', '1', '基础');
INSERT INTO `t_order` (`id`, `name`, `broad_knowledge`, `subdivision_knowledge`, `hard`, `master`) VALUES (5810, 'https://www.luogu.com.cn/problem/P1147', '数学', '公式推导', '1', '基础');
INSERT INTO `t_order` (`id`, `name`, `broad_knowledge`, `subdivision_knowledge`, `hard`, `master`) VALUES (5811, 'https://www.luogu.com.cn/problem/P1149', '算法', '搜索', '1', '基础');
INSERT INTO `t_order` (`id`, `name`, `broad_knowledge`, `subdivision_knowledge`, `hard`, `master`) VALUES (5812, 'https://www.luogu.com.cn/problem/P1152', '算法', '模拟', '0', '基础');
INSERT INTO `t_order` (`id`, `name`, `broad_knowledge`, `subdivision_knowledge`, `hard`, `master`) VALUES (5813, 'https://www.luogu.com.cn/problem/P1157', '算法', '搜索', '1', '基础');
INSERT INTO `t_order` (`id`, `name`, `broad_knowledge`, `subdivision_knowledge`, `hard`, `master`) VALUES (5814, 'https://www.luogu.com.cn/problem/P1160', '数据结构', '链表 模拟', '1', '基础');
INSERT INTO `t_order` (`id`, `name`, `broad_knowledge`, `subdivision_knowledge`, `hard`, `master`) VALUES (5815, 'https://www.luogu.com.cn/problem/P1162', '算法', '搜索', '1', '基础');
INSERT INTO `t_order` (`id`, `name`, `broad_knowledge`, `subdivision_knowledge`, `hard`, `master`) VALUES (5816, 'https://www.luogu.com.cn/problem/P1163', '算法', '思维 二分', '2', '基础');
INSERT INTO `t_order` (`id`, `name`, `broad_knowledge`, `subdivision_knowledge`, `hard`, `master`) VALUES (5817, 'https://www.luogu.com.cn/problem/P1164', '动态规划', 'dp', '1', '基础');
INSERT INTO `t_order` (`id`, `name`, `broad_knowledge`, `subdivision_knowledge`, `hard`, `master`) VALUES (5818, 'https://www.luogu.com.cn/problem/P1168', '数据结构', '对顶堆', '2', '基础');
INSERT INTO `t_order` (`id`, `name`, `broad_knowledge`, `subdivision_knowledge`, `hard`, `master`) VALUES (5819, 'https://www.luogu.com.cn/problem/P1177', '算法', '排序', '1', '基础');
INSERT INTO `t_order` (`id`, `name`, `broad_knowledge`, `subdivision_knowledge`, `hard`, `master`) VALUES (5820, 'https://www.luogu.com.cn/problem/P1182', '算法', '贪心 二分 前缀和', '2', '基础');
INSERT INTO `t_order` (`id`, `name`, `broad_knowledge`, `subdivision_knowledge`, `hard`, `master`) VALUES (5821, 'https://www.luogu.com.cn/problem/P1208', '算法', '贪心', '1', '基础');
INSERT INTO `t_order` (`id`, `name`, `broad_knowledge`, `subdivision_knowledge`, `hard`, `master`) VALUES (5822, 'https://www.luogu.com.cn/problem/P1216', '动态规划', '递推', '1', '基础');
INSERT INTO `t_order` (`id`, `name`, `broad_knowledge`, `subdivision_knowledge`, `hard`, `master`) VALUES (5823, 'https://www.luogu.com.cn/problem/P1217', '算法', '打表 素数判定 找规律', '2', '基础');
INSERT INTO `t_order` (`id`, `name`, `broad_knowledge`, `subdivision_knowledge`, `hard`, `master`) VALUES (5824, 'https://www.luogu.com.cn/problem/P1219', '算法', '搜索', '1', '基础');
INSERT INTO `t_order` (`id`, `name`, `broad_knowledge`, `subdivision_knowledge`, `hard`, `master`) VALUES (5825, 'https://www.luogu.com.cn/problem/P1223', '算法', '贪心 排序', '1', '基础');
INSERT INTO `t_order` (`id`, `name`, `broad_knowledge`, `subdivision_knowledge`, `hard`, `master`) VALUES (5826, 'https://www.luogu.com.cn/problem/P1226', '数论', '快速幂', '1', '基础');
INSERT INTO `t_order` (`id`, `name`, `broad_knowledge`, `subdivision_knowledge`, `hard`, `master`) VALUES (5827, 'https://www.luogu.com.cn/problem/P1228', '算法', '递归', '2', '基础');
INSERT INTO `t_order` (`id`, `name`, `broad_knowledge`, `subdivision_knowledge`, `hard`, `master`) VALUES (5828, 'https://www.luogu.com.cn/problem/P1241', '数据结构', '栈 括号匹配 思维', '2', '基础');
INSERT INTO `t_order` (`id`, `name`, `broad_knowledge`, `subdivision_knowledge`, `hard`, `master`) VALUES (5829, 'https://www.luogu.com.cn/problem/P1246', '算法', '组合数 递推 进制转换', '2', '基础');
INSERT INTO `t_order` (`id`, `name`, `broad_knowledge`, `subdivision_knowledge`, `hard`, `master`) VALUES (5830, 'https://www.luogu.com.cn/problem/P1249', '数学 算法', '贪心 找规律 大数', '3', '基础');
INSERT INTO `t_order` (`id`, `name`, `broad_knowledge`, `subdivision_knowledge`, `hard`, `master`) VALUES (5831, 'https://www.luogu.com.cn/problem/P1255', '算法', '递推', '1', '基础');
INSERT INTO `t_order` (`id`, `name`, `broad_knowledge`, `subdivision_knowledge`, `hard`, `master`) VALUES (5832, 'https://www.luogu.com.cn/problem/P1257', '算法', '暴力', '1', '基础');
INSERT INTO `t_order` (`id`, `name`, `broad_knowledge`, `subdivision_knowledge`, `hard`, `master`) VALUES (5833, 'https://www.luogu.com.cn/problem/P1259', '算法', '递归', '1', '基础');
INSERT INTO `t_order` (`id`, `name`, `broad_knowledge`, `subdivision_knowledge`, `hard`, `master`) VALUES (5834, 'https://www.luogu.com.cn/problem/P1280', '动态规划', '线性DP', '2', '基础');
INSERT INTO `t_order` (`id`, `name`, `broad_knowledge`, `subdivision_knowledge`, `hard`, `master`) VALUES (5835, 'https://www.luogu.com.cn/problem/P1290', '博弈论', '欧几里得博弈', '2', '基础');
INSERT INTO `t_order` (`id`, `name`, `broad_knowledge`, `subdivision_knowledge`, `hard`, `master`) VALUES (5836, 'https://www.luogu.com.cn/problem/P1303', '数学', '大数', '1', '基础');
INSERT INTO `t_order` (`id`, `name`, `broad_knowledge`, `subdivision_knowledge`, `hard`, `master`) VALUES (5837, 'https://www.luogu.com.cn/problem/P1328', '算法', '模拟', '1', '基础');
INSERT INTO `t_order` (`id`, `name`, `broad_knowledge`, `subdivision_knowledge`, `hard`, `master`) VALUES (5838, 'https://www.luogu.com.cn/problem/P1337', '算法', '模拟退火', '2', '基础');
INSERT INTO `t_order` (`id`, `name`, `broad_knowledge`, `subdivision_knowledge`, `hard`, `master`) VALUES (5839, 'https://www.luogu.com.cn/problem/P1352', '动态规划', '树形DP', '2', '基础');
INSERT INTO `t_order` (`id`, `name`, `broad_knowledge`, `subdivision_knowledge`, `hard`, `master`) VALUES (5840, 'https://www.luogu.com.cn/problem/P1354', '图论 计算几何', 'floyd 平面几何', '3', '基础');
INSERT INTO `t_order` (`id`, `name`, `broad_knowledge`, `subdivision_knowledge`, `hard`, `master`) VALUES (5841, 'https://www.luogu.com.cn/problem/P1403', '数论', '整除分块', '2', '基础');
INSERT INTO `t_order` (`id`, `name`, `broad_knowledge`, `subdivision_knowledge`, `hard`, `master`) VALUES (5842, 'https://www.luogu.com.cn/problem/P1419', '算法', '二分', '2', '基础');
INSERT INTO `t_order` (`id`, `name`, `broad_knowledge`, `subdivision_knowledge`, `hard`, `master`) VALUES (5843, 'https://www.luogu.com.cn/problem/P1429', '算法', '分治 思维', '3', '基础');
INSERT INTO `t_order` (`id`, `name`, `broad_knowledge`, `subdivision_knowledge`, `hard`, `master`) VALUES (5844, 'https://www.luogu.com.cn/problem/P1433', '动态规划', '状压DP', '2', '基础');
INSERT INTO `t_order` (`id`, `name`, `broad_knowledge`, `subdivision_knowledge`, `hard`, `master`) VALUES (5845, 'https://www.luogu.com.cn/problem/P1434', '动态规划', '二维DP 记忆化搜索', '2', '基础');
INSERT INTO `t_order` (`id`, `name`, `broad_knowledge`, `subdivision_knowledge`, `hard`, `master`) VALUES (5846, 'https://www.luogu.com.cn/problem/P1439', '动态规划', 'LIS 思维', '3', '基础');
INSERT INTO `t_order` (`id`, `name`, `broad_knowledge`, `subdivision_knowledge`, `hard`, `master`) VALUES (5847, 'https://www.luogu.com.cn/problem/P1440', '算法', '单调队列', '2', '基础');
INSERT INTO `t_order` (`id`, `name`, `broad_knowledge`, `subdivision_knowledge`, `hard`, `master`) VALUES (5848, 'https://www.luogu.com.cn/problem/P1443', '算法', 'bfs', '1', '基础');
INSERT INTO `t_order` (`id`, `name`, `broad_knowledge`, `subdivision_knowledge`, `hard`, `master`) VALUES (5849, 'https://www.luogu.com.cn/problem/P1449', '算法', '模拟 栈', '1', '基础');
INSERT INTO `t_order` (`id`, `name`, `broad_knowledge`, `subdivision_knowledge`, `hard`, `master`) VALUES (5850, 'https://www.luogu.com.cn/problem/P1464', '算法', '递归', '1', '基础');
INSERT INTO `t_order` (`id`, `name`, `broad_knowledge`, `subdivision_knowledge`, `hard`, `master`) VALUES (5851, 'https://www.luogu.com.cn/problem/P1469', '算法', '排序 位运算', '1', '基础');
INSERT INTO `t_order` (`id`, `name`, `broad_knowledge`, `subdivision_knowledge`, `hard`, `master`) VALUES (5852, 'https://www.luogu.com.cn/problem/P1478', '算法', '模拟 贪心 排序', '1', '基础');
INSERT INTO `t_order` (`id`, `name`, `broad_knowledge`, `subdivision_knowledge`, `hard`, `master`) VALUES (5853, 'https://www.luogu.com.cn/problem/P1480', '数学', '大数', '1', '基础');
INSERT INTO `t_order` (`id`, `name`, `broad_knowledge`, `subdivision_knowledge`, `hard`, `master`) VALUES (5854, 'https://www.luogu.com.cn/problem/P1494', '数据结构', '莫队', '2', '基础');
INSERT INTO `t_order` (`id`, `name`, `broad_knowledge`, `subdivision_knowledge`, `hard`, `master`) VALUES (5855, 'https://www.luogu.com.cn/problem/P1495', '数论', '中国剩余定理', '2', '基础');
INSERT INTO `t_order` (`id`, `name`, `broad_knowledge`, `subdivision_knowledge`, `hard`, `master`) VALUES (5856, 'https://www.luogu.com.cn/problem/P1496', '算法', '离散化', '1', '基础');
INSERT INTO `t_order` (`id`, `name`, `broad_knowledge`, `subdivision_knowledge`, `hard`, `master`) VALUES (5857, 'https://www.luogu.com.cn/problem/P1498', '算法', '递归', '2', '基础');
INSERT INTO `t_order` (`id`, `name`, `broad_knowledge`, `subdivision_knowledge`, `hard`, `master`) VALUES (5858, 'https://www.luogu.com.cn/problem/P1518', '算法', 'bfs', '2', '基础');
INSERT INTO `t_order` (`id`, `name`, `broad_knowledge`, `subdivision_knowledge`, `hard`, `master`) VALUES (5859, 'https://www.luogu.com.cn/problem/P1540', '数据结构', '队列', '1', '基础');
INSERT INTO `t_order` (`id`, `name`, `broad_knowledge`, `subdivision_knowledge`, `hard`, `master`) VALUES (5860, 'https://www.luogu.com.cn/problem/P1554', '算法 动态规划', '暴力 数位DP', '0', '基础');
INSERT INTO `t_order` (`id`, `name`, `broad_knowledge`, `subdivision_knowledge`, `hard`, `master`) VALUES (5861, 'https://www.luogu.com.cn/problem/P1563', '算法', '模拟', '1', '基础');
INSERT INTO `t_order` (`id`, `name`, `broad_knowledge`, `subdivision_knowledge`, `hard`, `master`) VALUES (5862, 'https://www.luogu.com.cn/problem/P1591', '数学', '大数', '1', '基础');
INSERT INTO `t_order` (`id`, `name`, `broad_knowledge`, `subdivision_knowledge`, `hard`, `master`) VALUES (5863, 'https://www.luogu.com.cn/problem/P1593', '数论', '质因数分解 等比数列 逆元', '3', '基础');
INSERT INTO `t_order` (`id`, `name`, `broad_knowledge`, `subdivision_knowledge`, `hard`, `master`) VALUES (5864, 'https://www.luogu.com.cn/problem/P1596', '算法', '搜索', '1', '基础');
INSERT INTO `t_order` (`id`, `name`, `broad_knowledge`, `subdivision_knowledge`, `hard`, `master`) VALUES (5865, 'https://www.luogu.com.cn/problem/P1601', '数学', '大数', '1', '基础');
INSERT INTO `t_order` (`id`, `name`, `broad_knowledge`, `subdivision_knowledge`, `hard`, `master`) VALUES (5866, 'https://www.luogu.com.cn/problem/P1605', '算法', '搜索', '1', '基础');
INSERT INTO `t_order` (`id`, `name`, `broad_knowledge`, `subdivision_knowledge`, `hard`, `master`) VALUES (5867, 'https://www.luogu.com.cn/problem/P1613', '算法 图论', '倍增 floyd', '3', '基础');
INSERT INTO `t_order` (`id`, `name`, `broad_knowledge`, `subdivision_knowledge`, `hard`, `master`) VALUES (5868, 'https://www.luogu.com.cn/problem/P1618', '算法', '模拟', '1', '基础');
INSERT INTO `t_order` (`id`, `name`, `broad_knowledge`, `subdivision_knowledge`, `hard`, `master`) VALUES (5869, 'https://www.luogu.com.cn/problem/P1631', '数据结构', '思维 优先队列', '3', '基础');
INSERT INTO `t_order` (`id`, `name`, `broad_knowledge`, `subdivision_knowledge`, `hard`, `master`) VALUES (5870, 'https://www.luogu.com.cn/problem/P1638', '算法', '双指针', '2', '基础');
INSERT INTO `t_order` (`id`, `name`, `broad_knowledge`, `subdivision_knowledge`, `hard`, `master`) VALUES (5871, 'https://www.luogu.com.cn/problem/P1678', '算法', '暴力 二分', '1', '基础');
INSERT INTO `t_order` (`id`, `name`, `broad_knowledge`, `subdivision_knowledge`, `hard`, `master`) VALUES (5872, 'https://www.luogu.com.cn/problem/P1706', '算法', '搜索 暴力', '0', '基础');
INSERT INTO `t_order` (`id`, `name`, `broad_knowledge`, `subdivision_knowledge`, `hard`, `master`) VALUES (5873, 'https://www.luogu.com.cn/problem/P1714', '算法', '前缀和 单调队列', '2', '基础');
INSERT INTO `t_order` (`id`, `name`, `broad_knowledge`, `subdivision_knowledge`, `hard`, `master`) VALUES (5874, 'https://www.luogu.com.cn/problem/P1719', '算法', '暴力 二维前缀和', '1', '基础');
INSERT INTO `t_order` (`id`, `name`, `broad_knowledge`, `subdivision_knowledge`, `hard`, `master`) VALUES (5875, 'https://www.luogu.com.cn/problem/P1722', '数学', '卡特兰数', '1', '基础');
INSERT INTO `t_order` (`id`, `name`, `broad_knowledge`, `subdivision_knowledge`, `hard`, `master`) VALUES (5876, 'https://www.luogu.com.cn/problem/P1725', '算法 动态规划', '单调队列 线性dp', '3', '基础');
INSERT INTO `t_order` (`id`, `name`, `broad_knowledge`, `subdivision_knowledge`, `hard`, `master`) VALUES (5877, 'https://www.luogu.com.cn/problem/P1739', '算法', '模拟 栈', '0', '基础');
INSERT INTO `t_order` (`id`, `name`, `broad_knowledge`, `subdivision_knowledge`, `hard`, `master`) VALUES (5878, 'https://www.luogu.com.cn/problem/P1781', '算法', '字符串 排序', '1', '基础');
INSERT INTO `t_order` (`id`, `name`, `broad_knowledge`, `subdivision_knowledge`, `hard`, `master`) VALUES (5879, 'https://www.luogu.com.cn/problem/P1786', '算法', '模拟 排序', '1', '基础');
INSERT INTO `t_order` (`id`, `name`, `broad_knowledge`, `subdivision_knowledge`, `hard`, `master`) VALUES (5880, 'https://www.luogu.com.cn/problem/P1801', '算法', '平衡数', '3', '分类基础');
INSERT INTO `t_order` (`id`, `name`, `broad_knowledge`, `subdivision_knowledge`, `hard`, `master`) VALUES (5881, 'https://www.luogu.com.cn/problem/P1803', '算法', '贪心 排序', '1', '基础');
INSERT INTO `t_order` (`id`, `name`, `broad_knowledge`, `subdivision_knowledge`, `hard`, `master`) VALUES (5882, 'https://www.luogu.com.cn/problem/P1825', '算法', 'bfs', '1', '基础');
INSERT INTO `t_order` (`id`, `name`, `broad_knowledge`, `subdivision_knowledge`, `hard`, `master`) VALUES (5883, 'https://www.luogu.com.cn/problem/P1829', '数论', '莫比乌斯反演 数论分块', '3', '分类基础');
INSERT INTO `t_order` (`id`, `name`, `broad_knowledge`, `subdivision_knowledge`, `hard`, `master`) VALUES (5884, 'https://www.luogu.com.cn/problem/P1835', '数论', '二次筛法', '2', '基础');
INSERT INTO `t_order` (`id`, `name`, `broad_knowledge`, `subdivision_knowledge`, `hard`, `master`) VALUES (5885, 'https://www.luogu.com.cn/problem/P1866', '数学', '思维 排序', '1', '基础');
INSERT INTO `t_order` (`id`, `name`, `broad_knowledge`, `subdivision_knowledge`, `hard`, `master`) VALUES (5886, 'https://www.luogu.com.cn/problem/P1873', '算法', '二分答案', '2', '基础');
INSERT INTO `t_order` (`id`, `name`, `broad_knowledge`, `subdivision_knowledge`, `hard`, `master`) VALUES (5887, 'https://www.luogu.com.cn/problem/P1878', '算法', '优先队列', '2', '基础');
INSERT INTO `t_order` (`id`, `name`, `broad_knowledge`, `subdivision_knowledge`, `hard`, `master`) VALUES (5888, 'https://www.luogu.com.cn/problem/P1879', '动态规划', '状压DP', '2', '基础');
INSERT INTO `t_order` (`id`, `name`, `broad_knowledge`, `subdivision_knowledge`, `hard`, `master`) VALUES (5889, 'https://www.luogu.com.cn/problem/P1886', '算法', '单调队列', '1', '基础');
INSERT INTO `t_order` (`id`, `name`, `broad_knowledge`, `subdivision_knowledge`, `hard`, `master`) VALUES (5890, 'https://www.luogu.com.cn/problem/P1890', '数论', '区间gcd 暴力', '2', '基础');
INSERT INTO `t_order` (`id`, `name`, `broad_knowledge`, `subdivision_knowledge`, `hard`, `master`) VALUES (5891, 'https://www.luogu.com.cn/problem/P1896', '动态规划', '状压DP', '3', '基础');
INSERT INTO `t_order` (`id`, `name`, `broad_knowledge`, `subdivision_knowledge`, `hard`, `master`) VALUES (5892, 'https://www.luogu.com.cn/problem/P1903', '数据结构', '带修莫队', '3', '分类基础');
INSERT INTO `t_order` (`id`, `name`, `broad_knowledge`, `subdivision_knowledge`, `hard`, `master`) VALUES (5893, 'https://www.luogu.com.cn/problem/P1908', '算法 数据结构', '归并排序 树状数组', '2', '基础');
INSERT INTO `t_order` (`id`, `name`, `broad_knowledge`, `subdivision_knowledge`, `hard`, `master`) VALUES (5894, 'https://www.luogu.com.cn/problem/P1928', '数据结构 算法', '栈 递归', '1', '基础');
INSERT INTO `t_order` (`id`, `name`, `broad_knowledge`, `subdivision_knowledge`, `hard`, `master`) VALUES (5895, 'https://www.luogu.com.cn/problem/P1950', '算法', '单调栈', '3', '基础');
INSERT INTO `t_order` (`id`, `name`, `broad_knowledge`, `subdivision_knowledge`, `hard`, `master`) VALUES (5896, 'https://www.luogu.com.cn/problem/P1966', '数据结构', '思维 树状数组 归并排序', '3', '基础');
INSERT INTO `t_order` (`id`, `name`, `broad_knowledge`, `subdivision_knowledge`, `hard`, `master`) VALUES (5897, 'https://www.luogu.com.cn/problem/P1972', '数据结构', '树状数组 线段树', '3', '基础');
INSERT INTO `t_order` (`id`, `name`, `broad_knowledge`, `subdivision_knowledge`, `hard`, `master`) VALUES (5898, 'https://www.luogu.com.cn/problem/P1976', '数学', '卡特兰数', '2', '基础');
INSERT INTO `t_order` (`id`, `name`, `broad_knowledge`, `subdivision_knowledge`, `hard`, `master`) VALUES (5899, 'https://www.luogu.com.cn/problem/P1990', '动态规划', '递推 线性dp', '2', '基础');
INSERT INTO `t_order` (`id`, `name`, `broad_knowledge`, `subdivision_knowledge`, `hard`, `master`) VALUES (5900, 'https://www.luogu.com.cn/problem/P1996', '数学', '暴力 公式推导', '1', '基础');
INSERT INTO `t_order` (`id`, `name`, `broad_knowledge`, `subdivision_knowledge`, `hard`, `master`) VALUES (5901, 'https://www.luogu.com.cn/problem/P2001', '算法', '思维', '3', '基础');
INSERT INTO `t_order` (`id`, `name`, `broad_knowledge`, `subdivision_knowledge`, `hard`, `master`) VALUES (5902, 'https://www.luogu.com.cn/problem/P2004', '算法', '二维前缀和', '1', '基础');
INSERT INTO `t_order` (`id`, `name`, `broad_knowledge`, `subdivision_knowledge`, `hard`, `master`) VALUES (5903, 'https://www.luogu.com.cn/problem/P2014', '算法', '树上背包', '3', '分类基础');
INSERT INTO `t_order` (`id`, `name`, `broad_knowledge`, `subdivision_knowledge`, `hard`, `master`) VALUES (5904, 'https://www.luogu.com.cn/problem/P2032', '算法', '单调队列', '2', '基础');
INSERT INTO `t_order` (`id`, `name`, `broad_knowledge`, `subdivision_knowledge`, `hard`, `master`) VALUES (5905, 'https://www.luogu.com.cn/problem/P2036', '算法', '搜索', '1', '基础');
INSERT INTO `t_order` (`id`, `name`, `broad_knowledge`, `subdivision_knowledge`, `hard`, `master`) VALUES (5906, 'https://www.luogu.com.cn/problem/P2058', '算法', '模拟', '2', '基础');
INSERT INTO `t_order` (`id`, `name`, `broad_knowledge`, `subdivision_knowledge`, `hard`, `master`) VALUES (5907, 'https://www.luogu.com.cn/problem/P2085', '算法', '思维 优先队列', '3', '基础');
INSERT INTO `t_order` (`id`, `name`, `broad_knowledge`, `subdivision_knowledge`, `hard`, `master`) VALUES (5908, 'https://www.luogu.com.cn/problem/P2089', '算法', '搜索', '1', '基础');
INSERT INTO `t_order` (`id`, `name`, `broad_knowledge`, `subdivision_knowledge`, `hard`, `master`) VALUES (5909, 'https://www.luogu.com.cn/problem/P2257', '数论', '莫比乌斯反演', '3', '分类基础');
INSERT INTO `t_order` (`id`, `name`, `broad_knowledge`, `subdivision_knowledge`, `hard`, `master`) VALUES (5910, 'https://www.luogu.com.cn/problem/P3654', '算法', '枚举 暴力', '1', '基础');
INSERT INTO `t_order` (`id`, `name`, `broad_knowledge`, `subdivision_knowledge`, `hard`, `master`) VALUES (5911, 'https://www.luogu.com.cn/problem/P2181', '数学', '组合计数', '1', '基础');
INSERT INTO `t_order` (`id`, `name`, `broad_knowledge`, `subdivision_knowledge`, `hard`, `master`) VALUES (5912, 'https://www.luogu.com.cn/problem/P2155', '数论', '素数筛选 阶乘逆元 欧拉函数 公式推导', '3', '分类基础');
INSERT INTO `t_order` (`id`, `name`, `broad_knowledge`, `subdivision_knowledge`, `hard`, `master`) VALUES (5913, 'https://www.luogu.com.cn/problem/P2234', '数据结构', 'multiset 思维 平衡树', '3', '基础');
INSERT INTO `t_order` (`id`, `name`, `broad_knowledge`, `subdivision_knowledge`, `hard`, `master`) VALUES (5914, 'https://www.luogu.com.cn/problem/P2241', '数学', '公式推导 思维 暴力', '2', '基础');
INSERT INTO `t_order` (`id`, `name`, `broad_knowledge`, `subdivision_knowledge`, `hard`, `master`) VALUES (5915, 'https://www.luogu.com.cn/problem/P2251', '算法 数据结构', '单调队列 RMQ', '2', '基础');
INSERT INTO `t_order` (`id`, `name`, `broad_knowledge`, `subdivision_knowledge`, `hard`, `master`) VALUES (5916, 'https://www.luogu.com.cn/problem/P2261', '数论', '整除分块', '3', '基础');
INSERT INTO `t_order` (`id`, `name`, `broad_knowledge`, `subdivision_knowledge`, `hard`, `master`) VALUES (5917, 'https://www.luogu.com.cn/problem/P2367', '算法', '差分', '1', '基础');
INSERT INTO `t_order` (`id`, `name`, `broad_knowledge`, `subdivision_knowledge`, `hard`, `master`) VALUES (5918, 'https://www.luogu.com.cn/problem/P2345', '数据结构', '树状数组', '2', '基础');
INSERT INTO `t_order` (`id`, `name`, `broad_knowledge`, `subdivision_knowledge`, `hard`, `master`) VALUES (5919, 'https://www.luogu.com.cn/problem/P2392', '算法', '搜索', '1', '基础');
INSERT INTO `t_order` (`id`, `name`, `broad_knowledge`, `subdivision_knowledge`, `hard`, `master`) VALUES (5920, 'https://www.luogu.com.cn/problem/P2404', '算法', '搜索', '1', '基础');
INSERT INTO `t_order` (`id`, `name`, `broad_knowledge`, `subdivision_knowledge`, `hard`, `master`) VALUES (5921, 'https://www.luogu.com.cn/problem/P2415', '数学', '公式推导', '0', '基础');
INSERT INTO `t_order` (`id`, `name`, `broad_knowledge`, `subdivision_knowledge`, `hard`, `master`) VALUES (5922, 'https://www.luogu.com.cn/problem/P2440', '算法', '二分答案', '2', '基础');
INSERT INTO `t_order` (`id`, `name`, `broad_knowledge`, `subdivision_knowledge`, `hard`, `master`) VALUES (5923, 'https://www.luogu.com.cn/problem/P2437', '算法', '递推 高精度', '1', '基础');
INSERT INTO `t_order` (`id`, `name`, `broad_knowledge`, `subdivision_knowledge`, `hard`, `master`) VALUES (5924, 'https://www.luogu.com.cn/problem/P2455', '数学', '高斯消元', '2', '基础');
INSERT INTO `t_order` (`id`, `name`, `broad_knowledge`, `subdivision_knowledge`, `hard`, `master`) VALUES (5925, 'https://www.luogu.com.cn/problem/P2485', '数论', '快速幂 exgcd BSGS', '2', '基础');
INSERT INTO `t_order` (`id`, `name`, `broad_knowledge`, `subdivision_knowledge`, `hard`, `master`) VALUES (5926, 'https://www.luogu.com.cn/problem/P2525', '算法', '暴力 模拟', '1', '基础');
INSERT INTO `t_order` (`id`, `name`, `broad_knowledge`, `subdivision_knowledge`, `hard`, `master`) VALUES (5927, 'https://www.luogu.com.cn/problem/P2508', '数学 数论', '公式推导 高斯素数 思维', '4', '分类基础');
INSERT INTO `t_order` (`id`, `name`, `broad_knowledge`, `subdivision_knowledge`, `hard`, `master`) VALUES (5928, 'https://www.luogu.com.cn/problem/P2522', '数论', '莫比乌斯反演 容斥定理', '3', '分类基础');
INSERT INTO `t_order` (`id`, `name`, `broad_knowledge`, `subdivision_knowledge`, `hard`, `master`) VALUES (5929, 'https://www.luogu.com.cn/problem/P2532', '数学', '找规律 公式推导 卡特兰数', '3', '基础');
INSERT INTO `t_order` (`id`, `name`, `broad_knowledge`, `subdivision_knowledge`, `hard`, `master`) VALUES (5930, 'https://www.luogu.com.cn/problem/P2602', '动态规划', '数位DP', '2', '基础');
INSERT INTO `t_order` (`id`, `name`, `broad_knowledge`, `subdivision_knowledge`, `hard`, `master`) VALUES (5931, 'https://www.luogu.com.cn/problem/P2622', '算法', 'bfs 状压', '2', '基础');
INSERT INTO `t_order` (`id`, `name`, `broad_knowledge`, `subdivision_knowledge`, `hard`, `master`) VALUES (5932, 'https://www.luogu.com.cn/problem/P2629', '算法', '单调队列', '2', '基础');
INSERT INTO `t_order` (`id`, `name`, `broad_knowledge`, `subdivision_knowledge`, `hard`, `master`) VALUES (5933, 'https://www.luogu.com.cn/problem/P2638', '数学', '组合数学 隔板法', '2', '基础');
INSERT INTO `t_order` (`id`, `name`, `broad_knowledge`, `subdivision_knowledge`, `hard`, `master`) VALUES (5934, 'https://www.luogu.com.cn/problem/P2657', '动态规划', '数位DP', '3', '基础');
INSERT INTO `t_order` (`id`, `name`, `broad_knowledge`, `subdivision_knowledge`, `hard`, `master`) VALUES (5935, 'https://www.luogu.com.cn/problem/P2660', '算法 数学', '公式推导 递归', '1', '基础');
INSERT INTO `t_order` (`id`, `name`, `broad_knowledge`, `subdivision_knowledge`, `hard`, `master`) VALUES (5936, 'https://www.luogu.com.cn/problem/P3390', '数学', '矩阵快速幂', '2', '基础');
INSERT INTO `t_order` (`id`, `name`, `broad_knowledge`, `subdivision_knowledge`, `hard`, `master`) VALUES (5937, 'https://www.luogu.com.cn/problem/P3386', '图论', '二分图最大匹配', '2', '基础');
INSERT INTO `t_order` (`id`, `name`, `broad_knowledge`, `subdivision_knowledge`, `hard`, `master`) VALUES (5938, 'https://www.luogu.com.cn/problem/P3389', '数学', '高斯消元', '2', '基础');
INSERT INTO `t_order` (`id`, `name`, `broad_knowledge`, `subdivision_knowledge`, `hard`, `master`) VALUES (5939, 'https://www.luogu.com.cn/problem/P2670', '算法', '搜索', '1', '基础');
INSERT INTO `t_order` (`id`, `name`, `broad_knowledge`, `subdivision_knowledge`, `hard`, `master`) VALUES (5940, 'https://www.luogu.com.cn/problem/P2671', '算法', '排序 前缀和', '2', '基础');
INSERT INTO `t_order` (`id`, `name`, `broad_knowledge`, `subdivision_knowledge`, `hard`, `master`) VALUES (5941, 'https://www.luogu.com.cn/problem/P2676', '算法', '贪心 排序', '0', '基础');
INSERT INTO `t_order` (`id`, `name`, `broad_knowledge`, `subdivision_knowledge`, `hard`, `master`) VALUES (5942, 'https://www.luogu.com.cn/problem/P2678', '算法', '二分答案 贪心', '2', '基础');
INSERT INTO `t_order` (`id`, `name`, `broad_knowledge`, `subdivision_knowledge`, `hard`, `master`) VALUES (5943, 'https://www.luogu.com.cn/problem/P4053', '算法', '贪心 优先队列', '3', '基础');
INSERT INTO `t_order` (`id`, `name`, `broad_knowledge`, `subdivision_knowledge`, `hard`, `master`) VALUES (5944, 'https://www.luogu.com.cn/problem/P2704', '动态规划', '状压DP', '3', '基础');
INSERT INTO `t_order` (`id`, `name`, `broad_knowledge`, `subdivision_knowledge`, `hard`, `master`) VALUES (5945, 'https://www.luogu.com.cn/problem/P2709', '数据结构', '莫队', '3', '基础');
INSERT INTO `t_order` (`id`, `name`, `broad_knowledge`, `subdivision_knowledge`, `hard`, `master`) VALUES (5946, 'https://www.luogu.com.cn/problem/P3629', '图论', '思维 dfs', '3', '基础');
INSERT INTO `t_order` (`id`, `name`, `broad_knowledge`, `subdivision_knowledge`, `hard`, `master`) VALUES (5947, 'https://www.luogu.com.cn/problem/P3366', '图论', '最小生成树', '2', '基础');
INSERT INTO `t_order` (`id`, `name`, `broad_knowledge`, `subdivision_knowledge`, `hard`, `master`) VALUES (5948, 'https://www.luogu.com.cn/problem/P3371', '图论', '最短路', '2', '基础');
INSERT INTO `t_order` (`id`, `name`, `broad_knowledge`, `subdivision_knowledge`, `hard`, `master`) VALUES (5949, 'https://www.luogu.com.cn/problem/P3372', '数据结构', '线段树', '2', '基础');
INSERT INTO `t_order` (`id`, `name`, `broad_knowledge`, `subdivision_knowledge`, `hard`, `master`) VALUES (5950, 'https://www.luogu.com.cn/problem/P3373', '数据结构', '线段树', '3', '基础');
INSERT INTO `t_order` (`id`, `name`, `broad_knowledge`, `subdivision_knowledge`, `hard`, `master`) VALUES (5951, 'https://www.luogu.com.cn/problem/P3375', '字符串', 'kmp', '2', '基础');
INSERT INTO `t_order` (`id`, `name`, `broad_knowledge`, `subdivision_knowledge`, `hard`, `master`) VALUES (5952, 'https://www.luogu.com.cn/problem/P3369', '数据结构', '平衡树', '3', '基础');
INSERT INTO `t_order` (`id`, `name`, `broad_knowledge`, `subdivision_knowledge`, `hard`, `master`) VALUES (5953, 'https://www.luogu.com.cn/problem/P3370', '字符串', '哈希', '1', '基础');
INSERT INTO `t_order` (`id`, `name`, `broad_knowledge`, `subdivision_knowledge`, `hard`, `master`) VALUES (5954, 'https://www.luogu.com.cn/problem/P3378', '数据结构', '堆', '1', '基础');
INSERT INTO `t_order` (`id`, `name`, `broad_knowledge`, `subdivision_knowledge`, `hard`, `master`) VALUES (5955, 'https://www.luogu.com.cn/problem/P3379', '图论', 'lca', '3', '基础');
INSERT INTO `t_order` (`id`, `name`, `broad_knowledge`, `subdivision_knowledge`, `hard`, `master`) VALUES (5956, 'https://www.luogu.com.cn/problem/P3383', '数论', '素数筛选', '1', '基础');
INSERT INTO `t_order` (`id`, `name`, `broad_knowledge`, `subdivision_knowledge`, `hard`, `master`) VALUES (5957, 'https://www.luogu.com.cn/problem/P2422', '动态规划', '线性DP 单调队列优化', '3', '基础');
INSERT INTO `t_order` (`id`, `name`, `broad_knowledge`, `subdivision_knowledge`, `hard`, `master`) VALUES (5958, 'https://www.luogu.com.cn/problem/P2822', '数学', '组合数  杨辉三角', '2', '基础');
INSERT INTO `t_order` (`id`, `name`, `broad_knowledge`, `subdivision_knowledge`, `hard`, `master`) VALUES (5959, 'https://www.luogu.com.cn/problem/P2880', '数据结构', '树状数组', '3', '基础');
INSERT INTO `t_order` (`id`, `name`, `broad_knowledge`, `subdivision_knowledge`, `hard`, `master`) VALUES (5960, 'https://www.luogu.com.cn/problem/P2882', '算法', '贪心 枚举 思维 差分', '3', '基础');
INSERT INTO `t_order` (`id`, `name`, `broad_knowledge`, `subdivision_knowledge`, `hard`, `master`) VALUES (5961, 'https://www.luogu.com.cn/problem/P2895', '算法', 'bfs', '2', '基础');
INSERT INTO `t_order` (`id`, `name`, `broad_knowledge`, `subdivision_knowledge`, `hard`, `master`) VALUES (5962, 'https://www.luogu.com.cn/problem/P3124', '算法', '贪心 排序 思维', '3', '基础');
INSERT INTO `t_order` (`id`, `name`, `broad_knowledge`, `subdivision_knowledge`, `hard`, `master`) VALUES (5963, 'https://www.luogu.com.cn/problem/P3143', '算法', '排序 模拟 链表', '2', '基础');
INSERT INTO `t_order` (`id`, `name`, `broad_knowledge`, `subdivision_knowledge`, `hard`, `master`) VALUES (5964, 'https://www.luogu.com.cn/problem/P3406', '算法', '前缀和', '2', '基础');
INSERT INTO `t_order` (`id`, `name`, `broad_knowledge`, `subdivision_knowledge`, `hard`, `master`) VALUES (5965, 'https://www.luogu.com.cn/problem/P3164', '算法', '异或高斯消元', '4', '分类基础');
INSERT INTO `t_order` (`id`, `name`, `broad_knowledge`, `subdivision_knowledge`, `hard`, `master`) VALUES (5966, 'https://www.luogu.com.cn/problem/P3197', '数学', '组合数学 容斥定理', '2', '基础');
INSERT INTO `t_order` (`id`, `name`, `broad_knowledge`, `subdivision_knowledge`, `hard`, `master`) VALUES (5967, 'https://www.luogu.com.cn/problem/P3265', '数学', '线性基 高斯消元', '4', '分类基础');
INSERT INTO `t_order` (`id`, `name`, `broad_knowledge`, `subdivision_knowledge`, `hard`, `master`) VALUES (5968, 'https://www.luogu.com.cn/problem/P3327', '数论', '莫比乌斯反演', '3', '分类基础');
INSERT INTO `t_order` (`id`, `name`, `broad_knowledge`, `subdivision_knowledge`, `hard`, `master`) VALUES (5969, 'https://www.luogu.com.cn/problem/P3397', '算法', '二维差分', '2', '基础');
INSERT INTO `t_order` (`id`, `name`, `broad_knowledge`, `subdivision_knowledge`, `hard`, `master`) VALUES (5970, 'https://www.luogu.com.cn/problem/P3392', '算法', '暴力', '1', '基础');
INSERT INTO `t_order` (`id`, `name`, `broad_knowledge`, `subdivision_knowledge`, `hard`, `master`) VALUES (5971, 'https://www.luogu.com.cn/problem/P2580', '字符串', 'trie', '2', '基础');
INSERT INTO `t_order` (`id`, `name`, `broad_knowledge`, `subdivision_knowledge`, `hard`, `master`) VALUES (5972, 'https://www.luogu.com.cn/problem/P2575', '博弈论', '阶梯Nim sg定理', '3', '分类基础');
INSERT INTO `t_order` (`id`, `name`, `broad_knowledge`, `subdivision_knowledge`, `hard`, `master`) VALUES (5973, 'https://www.luogu.com.cn/problem/P3612', '算法', '思维 递归', '2', '基础');
INSERT INTO `t_order` (`id`, `name`, `broad_knowledge`, `subdivision_knowledge`, `hard`, `master`) VALUES (5974, 'https://www.luogu.com.cn/problem/P5143', '算法', '暴力', '0', '基础');
INSERT INTO `t_order` (`id`, `name`, `broad_knowledge`, `subdivision_knowledge`, `hard`, `master`) VALUES (5975, 'https://www.luogu.com.cn/problem/P3478', '动态规划', '树形DP', '2', '基础');
INSERT INTO `t_order` (`id`, `name`, `broad_knowledge`, `subdivision_knowledge`, `hard`, `master`) VALUES (5976, 'https://www.luogu.com.cn/problem/P3574', '动态规划', '树形DP', '4', '分类基础');
INSERT INTO `t_order` (`id`, `name`, `broad_knowledge`, `subdivision_knowledge`, `hard`, `master`) VALUES (5977, 'https://www.luogu.com.cn/problem/P3601', '数论', '线性筛 欧拉函数', '3', '分类基础');
INSERT INTO `t_order` (`id`, `name`, `broad_knowledge`, `subdivision_knowledge`, `hard`, `master`) VALUES (5978, 'https://www.luogu.com.cn/problem/P3743', '算法', '二分答案 贪心', '3', '基础');
INSERT INTO `t_order` (`id`, `name`, `broad_knowledge`, `subdivision_knowledge`, `hard`, `master`) VALUES (5979, 'https://www.luogu.com.cn/problem/P3768', '数论', '莫比乌斯反演 杜教筛', '4', '分类中级');
INSERT INTO `t_order` (`id`, `name`, `broad_knowledge`, `subdivision_knowledge`, `hard`, `master`) VALUES (5980, 'https://www.luogu.com.cn/problem/P3817', '算法', '贪心', '1', '基础');
INSERT INTO `t_order` (`id`, `name`, `broad_knowledge`, `subdivision_knowledge`, `hard`, `master`) VALUES (5981, 'https://www.luogu.com.cn/problem/P3799', '数学', '组合数学 暴力', '2', '基础');
INSERT INTO `t_order` (`id`, `name`, `broad_knowledge`, `subdivision_knowledge`, `hard`, `master`) VALUES (5982, 'https://www.luogu.com.cn/problem/P3805', '字符串', '马拉车', '2', '基础');
INSERT INTO `t_order` (`id`, `name`, `broad_knowledge`, `subdivision_knowledge`, `hard`, `master`) VALUES (5983, 'https://www.luogu.com.cn/problem/P3811', '数论', '逆元', '1', '基础');
INSERT INTO `t_order` (`id`, `name`, `broad_knowledge`, `subdivision_knowledge`, `hard`, `master`) VALUES (5984, 'https://www.luogu.com.cn/problem/P3812', '数学', '线性基', '3', '分类基础');
INSERT INTO `t_order` (`id`, `name`, `broad_knowledge`, `subdivision_knowledge`, `hard`, `master`) VALUES (5985, 'https://www.luogu.com.cn/problem/P3807', '数学', '卢卡斯定理', '2', '基础');
INSERT INTO `t_order` (`id`, `name`, `broad_knowledge`, `subdivision_knowledge`, `hard`, `master`) VALUES (5986, 'https://www.luogu.com.cn/problem/P3846', '数论', 'BSGS', '2', '基础');
INSERT INTO `t_order` (`id`, `name`, `broad_knowledge`, `subdivision_knowledge`, `hard`, `master`) VALUES (5987, 'https://www.luogu.com.cn/problem/P3853', '算法', '二分答案', '2', '基础');
INSERT INTO `t_order` (`id`, `name`, `broad_knowledge`, `subdivision_knowledge`, `hard`, `master`) VALUES (5988, 'https://www.luogu.com.cn/problem/P3857', '数学', '线性基', '3', '分类基础');
INSERT INTO `t_order` (`id`, `name`, `broad_knowledge`, `subdivision_knowledge`, `hard`, `master`) VALUES (5989, 'https://www.luogu.com.cn/problem/P3865', '动态规划', 'RMQ', '2', '基础');
INSERT INTO `t_order` (`id`, `name`, `broad_knowledge`, `subdivision_knowledge`, `hard`, `master`) VALUES (5990, 'https://www.luogu.com.cn/problem/P3911', '数论', '莫比乌斯反演', '4', '分类基础');
INSERT INTO `t_order` (`id`, `name`, `broad_knowledge`, `subdivision_knowledge`, `hard`, `master`) VALUES (5991, 'https://www.luogu.com.cn/problem/P3912', '数论', '线性筛', '1', '基础');
INSERT INTO `t_order` (`id`, `name`, `broad_knowledge`, `subdivision_knowledge`, `hard`, `master`) VALUES (5992, 'https://www.luogu.com.cn/problem/P3913', '算法', '排序 暴力', '1', '基础');
INSERT INTO `t_order` (`id`, `name`, `broad_knowledge`, `subdivision_knowledge`, `hard`, `master`) VALUES (5993, 'https://www.luogu.com.cn/problem/P3935', '数论', '因数个数定理 公式推导 整除分块', '3', '基础');
INSERT INTO `t_order` (`id`, `name`, `broad_knowledge`, `subdivision_knowledge`, `hard`, `master`) VALUES (5994, 'https://www.luogu.com.cn/problem/P4035', '数学 算法', '高斯消元 模拟退火', '3', '基础');
INSERT INTO `t_order` (`id`, `name`, `broad_knowledge`, `subdivision_knowledge`, `hard`, `master`) VALUES (5995, 'https://www.luogu.com.cn/problem/P4086', '算法', '前缀和 枚举', '2', '基础');
INSERT INTO `t_order` (`id`, `name`, `broad_knowledge`, `subdivision_knowledge`, `hard`, `master`) VALUES (5996, 'https://www.luogu.com.cn/problem/P4151', '数学', '线性基', '4', '分类中级');
INSERT INTO `t_order` (`id`, `name`, `broad_knowledge`, `subdivision_knowledge`, `hard`, `master`) VALUES (5997, 'https://www.luogu.com.cn/problem/P4195', '数论', 'exbsgs', '4', '分类中级');
INSERT INTO `t_order` (`id`, `name`, `broad_knowledge`, `subdivision_knowledge`, `hard`, `master`) VALUES (5998, 'https://www.luogu.com.cn/problem/P4213', '数论', '杜教筛', '3', '分类基础');
INSERT INTO `t_order` (`id`, `name`, `broad_knowledge`, `subdivision_knowledge`, `hard`, `master`) VALUES (5999, 'https://www.luogu.com.cn/problem/P4447', '算法', '贪心 二分 队列', '3', '基础');
INSERT INTO `t_order` (`id`, `name`, `broad_knowledge`, `subdivision_knowledge`, `hard`, `master`) VALUES (6000, 'https://www.luogu.com.cn/problem/P4449', '数论', '莫比乌斯反演', '4', '分类基础');
INSERT INTO `t_order` (`id`, `name`, `broad_knowledge`, `subdivision_knowledge`, `hard`, `master`) VALUES (6001, 'https://www.luogu.com.cn/problem/P4570', '数学', '线性基', '3', '分类基础');
INSERT INTO `t_order` (`id`, `name`, `broad_knowledge`, `subdivision_knowledge`, `hard`, `master`) VALUES (6002, 'https://www.luogu.com.cn/problem/P4549', '数论', '裴蜀定理 exgcd', '3', '基础');
INSERT INTO `t_order` (`id`, `name`, `broad_knowledge`, `subdivision_knowledge`, `hard`, `master`) VALUES (6003, 'https://www.luogu.com.cn/problem/P4551', '字符串', '01-trie', '3', '基础');
INSERT INTO `t_order` (`id`, `name`, `broad_knowledge`, `subdivision_knowledge`, `hard`, `master`) VALUES (6004, 'https://www.luogu.com.cn/problem/P4555', '字符串', '马拉车 回文自动机', '3', '分类基础');
INSERT INTO `t_order` (`id`, `name`, `broad_knowledge`, `subdivision_knowledge`, `hard`, `master`) VALUES (6005, 'https://www.luogu.com.cn/problem/P4777', '数论', '扩展中国剩余定理', '3', '分类基础');
INSERT INTO `t_order` (`id`, `name`, `broad_knowledge`, `subdivision_knowledge`, `hard`, `master`) VALUES (6006, 'https://www.luogu.com.cn/problem/P4718', '数论', 'pollard_rho', '3', '基础');
INSERT INTO `t_order` (`id`, `name`, `broad_knowledge`, `subdivision_knowledge`, `hard`, `master`) VALUES (6007, 'https://www.luogu.com.cn/problem/P4720', '数论', '扩展卢卡斯定理', '3', '分类基础');
INSERT INTO `t_order` (`id`, `name`, `broad_knowledge`, `subdivision_knowledge`, `hard`, `master`) VALUES (6008, 'https://www.luogu.com.cn/problem/P4869', '数学', '线性基', '3', '分类基础');
INSERT INTO `t_order` (`id`, `name`, `broad_knowledge`, `subdivision_knowledge`, `hard`, `master`) VALUES (6009, 'https://www.luogu.com.cn/problem/P4956', '算法', '暴力', '0', '基础');
INSERT INTO `t_order` (`id`, `name`, `broad_knowledge`, `subdivision_knowledge`, `hard`, `master`) VALUES (6010, 'https://www.luogu.com.cn/problem/P4779', '图论', '最短路', '2', '基础');
INSERT INTO `t_order` (`id`, `name`, `broad_knowledge`, `subdivision_knowledge`, `hard`, `master`) VALUES (6011, 'https://www.luogu.com.cn/problem/P4783', '数学', '高斯消元', '3', '基础');
INSERT INTO `t_order` (`id`, `name`, `broad_knowledge`, `subdivision_knowledge`, `hard`, `master`) VALUES (6012, 'https://www.luogu.com.cn/problem/P4924', '算法', '暴力', '1', '基础');
INSERT INTO `t_order` (`id`, `name`, `broad_knowledge`, `subdivision_knowledge`, `hard`, `master`) VALUES (6013, 'https://www.luogu.com.cn/problem/P5091', '数论', '扩展欧拉定理 欧拉降幂', '3', '分类基础');
INSERT INTO `t_order` (`id`, `name`, `broad_knowledge`, `subdivision_knowledge`, `hard`, `master`) VALUES (6014, 'https://www.luogu.com.cn/problem/P4995', '算法', '贪心 排序', '2', '基础');
INSERT INTO `t_order` (`id`, `name`, `broad_knowledge`, `subdivision_knowledge`, `hard`, `master`) VALUES (6015, 'https://www.luogu.com.cn/problem/P5019', '算法', '贪心 分治 差分', '2', '基础');
INSERT INTO `t_order` (`id`, `name`, `broad_knowledge`, `subdivision_knowledge`, `hard`, `master`) VALUES (6016, 'https://www.luogu.com.cn/problem/P5325', '数论', 'min_25筛', '4', '分类基础');
INSERT INTO `t_order` (`id`, `name`, `broad_knowledge`, `subdivision_knowledge`, `hard`, `master`) VALUES (6017, 'https://www.luogu.com.cn/problem/P5491', '数论', '二次剩余', '3', '分类基础');
INSERT INTO `t_order` (`id`, `name`, `broad_knowledge`, `subdivision_knowledge`, `hard`, `master`) VALUES (6018, 'https://www.luogu.com.cn/problem/P5656', '数论', 'exgcd', '3', '基础');
INSERT INTO `t_order` (`id`, `name`, `broad_knowledge`, `subdivision_knowledge`, `hard`, `master`) VALUES (6019, 'https://www.luogu.com.cn/problem/P5668', '数论', 'N次剩余', '5', '分类高级');
INSERT INTO `t_order` (`id`, `name`, `broad_knowledge`, `subdivision_knowledge`, `hard`, `master`) VALUES (6020, 'https://www.luogu.com.cn/problem/P5638', '算法', '前缀和', '0', '基础');
INSERT INTO `t_order` (`id`, `name`, `broad_knowledge`, `subdivision_knowledge`, `hard`, `master`) VALUES (6021, 'https://www.luogu.com.cn/problem/P5717', '算法', '模拟', '1', '基础');
INSERT INTO `t_order` (`id`, `name`, `broad_knowledge`, `subdivision_knowledge`, `hard`, `master`) VALUES (6022, 'https://www.luogu.com.cn/problem/P5727', '算法', '模拟', '0', '基础');
INSERT INTO `t_order` (`id`, `name`, `broad_knowledge`, `subdivision_knowledge`, `hard`, `master`) VALUES (6023, 'https://www.luogu.com.cn/problem/P1271', '算法', '暴力', '1', '基础');
INSERT INTO `t_order` (`id`, `name`, `broad_knowledge`, `subdivision_knowledge`, `hard`, `master`) VALUES (6024, 'https://www.luogu.com.cn/problem/P1923', '算法', '快速排序', '2', '基础');
INSERT INTO `t_order` (`id`, `name`, `broad_knowledge`, `subdivision_knowledge`, `hard`, `master`) VALUES (6025, 'https://www.luogu.com.cn/problem/P2240', '算法', '贪心', '1', '基础');
INSERT INTO `t_order` (`id`, `name`, `broad_knowledge`, `subdivision_knowledge`, `hard`, `master`) VALUES (6026, 'https://www.luogu.com.cn/problem/P2249', '算法', '二分', '1', '基础');
INSERT INTO `t_order` (`id`, `name`, `broad_knowledge`, `subdivision_knowledge`, `hard`, `master`) VALUES (6027, 'https://www.luogu.com.cn/problem/P3156', '算法', '暴力', '0', '基础');
INSERT INTO `t_order` (`id`, `name`, `broad_knowledge`, `subdivision_knowledge`, `hard`, `master`) VALUES (6028, 'https://www.luogu.com.cn/problem/P3613', '算法', '模拟', '1', '基础');
INSERT INTO `t_order` (`id`, `name`, `broad_knowledge`, `subdivision_knowledge`, `hard`, `master`) VALUES (6029, 'https://www.luogu.com.cn/problem/P4387', '数据结构', '栈', '1', '基础');
INSERT INTO `t_order` (`id`, `name`, `broad_knowledge`, `subdivision_knowledge`, `hard`, `master`) VALUES (6030, 'https://www.luogu.com.cn/problem/P6091', '数论', '原根', '3', '分类基础');
INSERT INTO `t_order` (`id`, `name`, `broad_knowledge`, `subdivision_knowledge`, `hard`, `master`) VALUES (6031, 'https://www.luogu.com.cn/problem/P6175', '图论', 'floyd 最小环', '2', '基础');
INSERT INTO `t_order` (`id`, `name`, `broad_knowledge`, `subdivision_knowledge`, `hard`, `master`) VALUES (6032, 'https://www.luogu.com.cn/problem/SP3267', '数据结构', '莫队', '3', '基础');
INSERT INTO `t_order` (`id`, `name`, `broad_knowledge`, `subdivision_knowledge`, `hard`, `master`) VALUES (6033, 'https://www.luogu.com.cn/problem/SP5971', '数论', '莫比乌斯反演', '4', '分类基础');
INSERT INTO `t_order` (`id`, `name`, `broad_knowledge`, `subdivision_knowledge`, `hard`, `master`) VALUES (6034, 'https://www.luogu.com.cn/problem/SP7586', '字符串', '马拉车 回文自动机', '2', '基础');
INSERT INTO `t_order` (`id`, `name`, `broad_knowledge`, `subdivision_knowledge`, `hard`, `master`) VALUES (6035, 'https://codeforces.com/gym/102394/problem/I', '数学', '组合计数 思维', '3', '基础');
INSERT INTO `t_order` (`id`, `name`, `broad_knowledge`, `subdivision_knowledge`, `hard`, `master`) VALUES (6036, 'https://codeforces.com/gym/102394/problem/F', '算法', '暴力', '1', '基础');
INSERT INTO `t_order` (`id`, `name`, `broad_knowledge`, `subdivision_knowledge`, `hard`, `master`) VALUES (6037, 'https://codeforces.com/gym/102394/problem/K', '数学', '期望 公式推导', '1', '基础');
INSERT INTO `t_order` (`id`, `name`, `broad_knowledge`, `subdivision_knowledge`, `hard`, `master`) VALUES (6038, 'https://codeforces.com/gym/102394/problem/J', '数论', '思维 打表 找规律', '1', '基础');
INSERT INTO `t_order` (`id`, `name`, `broad_knowledge`, `subdivision_knowledge`, `hard`, `master`) VALUES (6039, 'https://codeforces.com/contest/906/problem/D', '数论', '欧拉降幂', '2', '基础');
INSERT INTO `t_order` (`id`, `name`, `broad_knowledge`, `subdivision_knowledge`, `hard`, `master`) VALUES (6040, 'https://codeforces.com/contest/1557/problem/C', '数学', '组合数 位运算 思维', '2', '基础');
INSERT INTO `t_order` (`id`, `name`, `broad_knowledge`, `subdivision_knowledge`, `hard`, `master`) VALUES (6041, 'https://codeforces.com/contest/1557/problem/B', '算法', '思维 排序', '1', '基础');
INSERT INTO `t_order` (`id`, `name`, `broad_knowledge`, `subdivision_knowledge`, `hard`, `master`) VALUES (6042, 'https://codeforces.com/contest/1557/problem/A', '数学', '思维 找规律', '0', '基础');
INSERT INTO `t_order` (`id`, `name`, `broad_knowledge`, `subdivision_knowledge`, `hard`, `master`) VALUES (6043, 'https://codeforces.com/contest/939/problem/E', '算法', '三分', '3', '基础');
INSERT INTO `t_order` (`id`, `name`, `broad_knowledge`, `subdivision_knowledge`, `hard`, `master`) VALUES (6044, 'https://codeforces.com/contest/47/problem/E', '算法', '暴力 排序 贪心', '3', '基础');
INSERT INTO `t_order` (`id`, `name`, `broad_knowledge`, `subdivision_knowledge`, `hard`, `master`) VALUES (6045, 'https://codeforces.com/contest/1555/problem/A', '数学', '思维', '0', '基础');
INSERT INTO `t_order` (`id`, `name`, `broad_knowledge`, `subdivision_knowledge`, `hard`, `master`) VALUES (6046, 'https://codeforces.com/contest/1555/problem/B', '算法', '思维 暴力', '1', '基础');
INSERT INTO `t_order` (`id`, `name`, `broad_knowledge`, `subdivision_knowledge`, `hard`, `master`) VALUES (6047, 'https://codeforces.com/contest/1555/problem/C', '算法', '模拟', '1', '基础');
INSERT INTO `t_order` (`id`, `name`, `broad_knowledge`, `subdivision_knowledge`, `hard`, `master`) VALUES (6048, 'https://codeforces.com/contest/1555/problem/E', '算法 数据结构', '双指针 线段树', '3', '基础');
INSERT INTO `t_order` (`id`, `name`, `broad_knowledge`, `subdivision_knowledge`, `hard`, `master`) VALUES (6049, 'https://codeforces.com/contest/1555/problem/D', '算法', '思维 枚举 前缀和', '2', '基础');
INSERT INTO `t_order` (`id`, `name`, `broad_knowledge`, `subdivision_knowledge`, `hard`, `master`) VALUES (6050, 'https://codeforces.com/contest/1551/problem/D1', '算法', '构造 思维 递归', '2', '基础');
INSERT INTO `t_order` (`id`, `name`, `broad_knowledge`, `subdivision_knowledge`, `hard`, `master`) VALUES (6051, 'https://codeforces.com/contest/1551/problem/C', '算法', '贪心 排序', '2', '基础');
INSERT INTO `t_order` (`id`, `name`, `broad_knowledge`, `subdivision_knowledge`, `hard`, `master`) VALUES (6052, 'https://codeforces.com/contest/1551/problem/B2', '算法', '贪心 模拟', '2', '基础');
INSERT INTO `t_order` (`id`, `name`, `broad_knowledge`, `subdivision_knowledge`, `hard`, `master`) VALUES (6053, 'https://codeforces.com/contest/1551/problem/B1', '算法', '贪心', '0', '基础');
INSERT INTO `t_order` (`id`, `name`, `broad_knowledge`, `subdivision_knowledge`, `hard`, `master`) VALUES (6054, 'https://codeforces.com/contest/1551/problem/A', '数学', '思维', '0', '基础');
INSERT INTO `t_order` (`id`, `name`, `broad_knowledge`, `subdivision_knowledge`, `hard`, `master`) VALUES (6055, 'https://codeforces.com/contest/1542/problem/C', '数论', '找规律 lcm', '2', '基础');
INSERT INTO `t_order` (`id`, `name`, `broad_knowledge`, `subdivision_knowledge`, `hard`, `master`) VALUES (6056, 'https://codeforces.com/contest/1542/problem/B', '数学', '构造 思维', '2', '基础');
INSERT INTO `t_order` (`id`, `name`, `broad_knowledge`, `subdivision_knowledge`, `hard`, `master`) VALUES (6057, 'https://codeforces.com/contest/1542/problem/A', '数学', '思维', '0', '基础');
INSERT INTO `t_order` (`id`, `name`, `broad_knowledge`, `subdivision_knowledge`, `hard`, `master`) VALUES (6058, 'https://codeforces.com/contest/1527/problem/C', '算法', '计数 map', '2', '基础');
INSERT INTO `t_order` (`id`, `name`, `broad_knowledge`, `subdivision_knowledge`, `hard`, `master`) VALUES (6059, 'https://codeforces.com/contest/1527/problem/B1', '博弈论', '思维', '1', '基础');
INSERT INTO `t_order` (`id`, `name`, `broad_knowledge`, `subdivision_knowledge`, `hard`, `master`) VALUES (6060, 'https://codeforces.com/contest/1527/problem/B2', '博弈论', '思维', '3', '基础');
INSERT INTO `t_order` (`id`, `name`, `broad_knowledge`, `subdivision_knowledge`, `hard`, `master`) VALUES (6061, 'https://codeforces.com/contest/1527/problem/A', '算法', '暴力', '0', '基础');
INSERT INTO `t_order` (`id`, `name`, `broad_knowledge`, `subdivision_knowledge`, `hard`, `master`) VALUES (6062, 'https://codeforces.com/contest/1498/problem/C', '动态规划', '记忆化搜索', '2', '基础');
INSERT INTO `t_order` (`id`, `name`, `broad_knowledge`, `subdivision_knowledge`, `hard`, `master`) VALUES (6063, 'https://codeforces.com/contest/1498/problem/B', '算法', '贪心', '1', '基础');
INSERT INTO `t_order` (`id`, `name`, `broad_knowledge`, `subdivision_knowledge`, `hard`, `master`) VALUES (6064, 'https://codeforces.com/contest/1498/problem/A', '算法', '暴力', '0', '基础');
INSERT INTO `t_order` (`id`, `name`, `broad_knowledge`, `subdivision_knowledge`, `hard`, `master`) VALUES (6065, 'https://codeforces.com/contest/1515/problem/D', '算法', '贪心 排序', '2', '基础');
INSERT INTO `t_order` (`id`, `name`, `broad_knowledge`, `subdivision_knowledge`, `hard`, `master`) VALUES (6066, 'https://codeforces.com/contest/1515/problem/C', '算法', '贪心 multiset', '2', '基础');
INSERT INTO `t_order` (`id`, `name`, `broad_knowledge`, `subdivision_knowledge`, `hard`, `master`) VALUES (6067, 'https://codeforces.com/contest/1515/problem/A', '算法', '贪心 排序', '0', '基础');
INSERT INTO `t_order` (`id`, `name`, `broad_knowledge`, `subdivision_knowledge`, `hard`, `master`) VALUES (6068, 'https://codeforces.com/gym/102822/problem/D', '算法', '二分答案', '2', '基础');
INSERT INTO `t_order` (`id`, `name`, `broad_knowledge`, `subdivision_knowledge`, `hard`, `master`) VALUES (6069, 'https://codeforces.com/contest/1430/problem/D', '算法', '双指针', '2', '基础');
INSERT INTO `t_order` (`id`, `name`, `broad_knowledge`, `subdivision_knowledge`, `hard`, `master`) VALUES (6070, 'https://codeforces.com/contest/1517/problem/D', '动态规划', '建图 dp 记忆化搜索', '3', '基础');
INSERT INTO `t_order` (`id`, `name`, `broad_knowledge`, `subdivision_knowledge`, `hard`, `master`) VALUES (6071, 'https://codeforces.com/contest/1515/problem/B', '数学', '思维', '1', '基础');
INSERT INTO `t_order` (`id`, `name`, `broad_knowledge`, `subdivision_knowledge`, `hard`, `master`) VALUES (6072, 'https://codeforces.com/contest/1517/problem/C', '算法', '构造 贪心 递归', '2', '基础');
INSERT INTO `t_order` (`id`, `name`, `broad_knowledge`, `subdivision_knowledge`, `hard`, `master`) VALUES (6073, 'https://codeforces.com/contest/1517/problem/B', '算法', '贪心 排序', '1', '基础');
INSERT INTO `t_order` (`id`, `name`, `broad_knowledge`, `subdivision_knowledge`, `hard`, `master`) VALUES (6074, 'https://codeforces.com/contest/1517/problem/A', '数学', '思维', '0', '基础');
INSERT INTO `t_order` (`id`, `name`, `broad_knowledge`, `subdivision_knowledge`, `hard`, `master`) VALUES (6075, 'https://codeforces.com/contest/1519/problem/D', '动态规划 算法', '区间dp 双指针 前缀和', '2', '基础');
INSERT INTO `t_order` (`id`, `name`, `broad_knowledge`, `subdivision_knowledge`, `hard`, `master`) VALUES (6076, 'https://codeforces.com/contest/1519/problem/C', '算法', '贪心 排序 模拟', '2', '基础');
INSERT INTO `t_order` (`id`, `name`, `broad_knowledge`, `subdivision_knowledge`, `hard`, `master`) VALUES (6077, 'https://codeforces.com/contest/1519/problem/B', '数学', '思维', '0', '基础');
INSERT INTO `t_order` (`id`, `name`, `broad_knowledge`, `subdivision_knowledge`, `hard`, `master`) VALUES (6078, 'https://codeforces.com/contest/1519/problem/A', '数学', '思维', '0', '基础');
INSERT INTO `t_order` (`id`, `name`, `broad_knowledge`, `subdivision_knowledge`, `hard`, `master`) VALUES (6079, 'https://codeforces.com/contest/1469/problem/D', '算法', '思维 构造 暴力', '3', '基础');
INSERT INTO `t_order` (`id`, `name`, `broad_knowledge`, `subdivision_knowledge`, `hard`, `master`) VALUES (6080, 'https://codeforces.com/contest/1469/problem/C', '算法', '模拟', '2', '基础');
INSERT INTO `t_order` (`id`, `name`, `broad_knowledge`, `subdivision_knowledge`, `hard`, `master`) VALUES (6081, 'https://codeforces.com/contest/1469/problem/B', '算法', '暴力', '1', '基础');
INSERT INTO `t_order` (`id`, `name`, `broad_knowledge`, `subdivision_knowledge`, `hard`, `master`) VALUES (6082, 'https://codeforces.com/contest/1469/problem/A', '算法', '思维 构造', '1', '基础');
INSERT INTO `t_order` (`id`, `name`, `broad_knowledge`, `subdivision_knowledge`, `hard`, `master`) VALUES (6083, 'https://codeforces.com/contest/1516/problem/C', '动态规划', '01背包 思维', '3', '基础');
INSERT INTO `t_order` (`id`, `name`, `broad_knowledge`, `subdivision_knowledge`, `hard`, `master`) VALUES (6084, 'https://codeforces.com/contest/1516/problem/D', '数论 算法', 'lcm 质因数分解 倍增', '3', '基础');
INSERT INTO `t_order` (`id`, `name`, `broad_knowledge`, `subdivision_knowledge`, `hard`, `master`) VALUES (6085, 'https://codeforces.com/contest/1516/problem/B', '算法', '思维 位运算', '2', '基础');
INSERT INTO `t_order` (`id`, `name`, `broad_knowledge`, `subdivision_knowledge`, `hard`, `master`) VALUES (6086, 'https://codeforces.com/contest/1516/problem/A', '算法', '贪心', '0', '基础');
INSERT INTO `t_order` (`id`, `name`, `broad_knowledge`, `subdivision_knowledge`, `hard`, `master`) VALUES (6087, 'https://codeforces.com/contest/1511/problem/E', '动态规划', '二维DP 思维', '3', '基础');
INSERT INTO `t_order` (`id`, `name`, `broad_knowledge`, `subdivision_knowledge`, `hard`, `master`) VALUES (6088, 'https://codeforces.com/contest/1511/problem/B', '算法', '构造 gcd', '1', '基础');
INSERT INTO `t_order` (`id`, `name`, `broad_knowledge`, `subdivision_knowledge`, `hard`, `master`) VALUES (6089, 'https://codeforces.com/contest/1511/problem/D', '算法', '思维 构造 找规律 欧拉回路', '2', '基础');
INSERT INTO `t_order` (`id`, `name`, `broad_knowledge`, `subdivision_knowledge`, `hard`, `master`) VALUES (6090, 'https://codeforces.com/contest/1511/problem/C', '算法', '暴力 模拟', '1', '基础');
INSERT INTO `t_order` (`id`, `name`, `broad_knowledge`, `subdivision_knowledge`, `hard`, `master`) VALUES (6091, 'https://codeforces.com/contest/1511/problem/A', '算法', '贪心', '0', '基础');
INSERT INTO `t_order` (`id`, `name`, `broad_knowledge`, `subdivision_knowledge`, `hard`, `master`) VALUES (6092, 'https://codeforces.com/contest/1513/problem/D', '图论', '最小生成树 链表', '3', '基础');
INSERT INTO `t_order` (`id`, `name`, `broad_knowledge`, `subdivision_knowledge`, `hard`, `master`) VALUES (6093, 'https://codeforces.com/contest/1513/problem/C', '动态规划', '记忆化搜索', '2', '基础');
INSERT INTO `t_order` (`id`, `name`, `broad_knowledge`, `subdivision_knowledge`, `hard`, `master`) VALUES (6094, 'https://codeforces.com/contest/1513/problem/B', '数学 算法', '组合计数 位运算', '2', '基础');
INSERT INTO `t_order` (`id`, `name`, `broad_knowledge`, `subdivision_knowledge`, `hard`, `master`) VALUES (6095, 'https://codeforces.com/contest/1513/problem/A', '算法', '模拟', '0', '基础');
INSERT INTO `t_order` (`id`, `name`, `broad_knowledge`, `subdivision_knowledge`, `hard`, `master`) VALUES (6096, 'https://codeforces.com/contest/1487/problem/E', '动态规划', '线性dp multiset', '3', '基础');
INSERT INTO `t_order` (`id`, `name`, `broad_knowledge`, `subdivision_knowledge`, `hard`, `master`) VALUES (6097, 'https://codeforces.com/contest/1494/problem/D', '图论', '贪心 构造 并查集', '4', '基础');
INSERT INTO `t_order` (`id`, `name`, `broad_knowledge`, `subdivision_knowledge`, `hard`, `master`) VALUES (6098, 'https://codeforces.com/gym/102423/problem/J', '算法', '贪心 栈', '3', '基础');
INSERT INTO `t_order` (`id`, `name`, `broad_knowledge`, `subdivision_knowledge`, `hard`, `master`) VALUES (6099, 'https://codeforces.com/contest/1506/problem/E', '算法', '构造 模拟', '2', '基础');
INSERT INTO `t_order` (`id`, `name`, `broad_knowledge`, `subdivision_knowledge`, `hard`, `master`) VALUES (6100, 'https://codeforces.com/contest/1506/problem/D', '算法', '贪心 优先队列', '2', '基础');
INSERT INTO `t_order` (`id`, `name`, `broad_knowledge`, `subdivision_knowledge`, `hard`, `master`) VALUES (6101, 'https://codeforces.com/contest/1506/problem/B', '算法', '模拟', '1', '基础');
INSERT INTO `t_order` (`id`, `name`, `broad_knowledge`, `subdivision_knowledge`, `hard`, `master`) VALUES (6102, 'https://codeforces.com/contest/1506/problem/C', '算法', '暴力', '1', '基础');
INSERT INTO `t_order` (`id`, `name`, `broad_knowledge`, `subdivision_knowledge`, `hard`, `master`) VALUES (6103, 'https://codeforces.com/contest/1506/problem/A', '数学', '思维', '0', '基础');
INSERT INTO `t_order` (`id`, `name`, `broad_knowledge`, `subdivision_knowledge`, `hard`, `master`) VALUES (6104, 'https://codeforces.com/contest/628/problem/D', '动态规划', '数位DP', '3', '基础');
INSERT INTO `t_order` (`id`, `name`, `broad_knowledge`, `subdivision_knowledge`, `hard`, `master`) VALUES (6105, 'https://codeforces.com/contest/1484/problem/C', '算法', '贪心 排序', '2', '基础');
INSERT INTO `t_order` (`id`, `name`, `broad_knowledge`, `subdivision_knowledge`, `hard`, `master`) VALUES (6106, 'https://codeforces.com/contest/1484/problem/B', '算法', '思维 构造', '2', '基础');
INSERT INTO `t_order` (`id`, `name`, `broad_knowledge`, `subdivision_knowledge`, `hard`, `master`) VALUES (6107, 'https://codeforces.com/contest/1484/problem/A', '算法', '思维', '0', '基础');
INSERT INTO `t_order` (`id`, `name`, `broad_knowledge`, `subdivision_knowledge`, `hard`, `master`) VALUES (6108, 'https://codeforces.com/contest/1499/problem/D', '数论', '裴蜀定理 埃氏筛', '3', '基础');
INSERT INTO `t_order` (`id`, `name`, `broad_knowledge`, `subdivision_knowledge`, `hard`, `master`) VALUES (6109, 'https://codeforces.com/contest/1499/problem/C', '算法', '前缀和 模拟', '2', '基础');
INSERT INTO `t_order` (`id`, `name`, `broad_knowledge`, `subdivision_knowledge`, `hard`, `master`) VALUES (6110, 'https://codeforces.com/contest/1499/problem/B', '算法', '贪心 模拟', '1', '基础');
INSERT INTO `t_order` (`id`, `name`, `broad_knowledge`, `subdivision_knowledge`, `hard`, `master`) VALUES (6111, 'https://codeforces.com/contest/1499/problem/A', '算法', '思维', '0', '基础');
INSERT INTO `t_order` (`id`, `name`, `broad_knowledge`, `subdivision_knowledge`, `hard`, `master`) VALUES (6112, 'https://codeforces.com/gym/102798/problem/L', '动态规划', '分组背包', '3', '基础');
INSERT INTO `t_order` (`id`, `name`, `broad_knowledge`, `subdivision_knowledge`, `hard`, `master`) VALUES (6113, 'https://codeforces.com/gym/102798/problem/D', '数论', 'pollard_rho 找规律', '2', '基础');
INSERT INTO `t_order` (`id`, `name`, `broad_knowledge`, `subdivision_knowledge`, `hard`, `master`) VALUES (6114, 'https://codeforces.com/gym/102798/problem/H', '算法', '差分', '1', '基础');
INSERT INTO `t_order` (`id`, `name`, `broad_knowledge`, `subdivision_knowledge`, `hard`, `master`) VALUES (6115, 'https://codeforces.com/gym/102798/problem/A', '算法', '思维 模拟', '2', '基础');
INSERT INTO `t_order` (`id`, `name`, `broad_knowledge`, `subdivision_knowledge`, `hard`, `master`) VALUES (6116, 'https://codeforces.com/contest/1497/problem/E1', '数论', '质因数分解 链表', '2', '基础');
INSERT INTO `t_order` (`id`, `name`, `broad_knowledge`, `subdivision_knowledge`, `hard`, `master`) VALUES (6117, 'https://codeforces.com/contest/1497/problem/C2', '数学', 'lcm 构造 思维', '2', '基础');
INSERT INTO `t_order` (`id`, `name`, `broad_knowledge`, `subdivision_knowledge`, `hard`, `master`) VALUES (6118, 'https://codeforces.com/contest/1497/problem/C1', '数学', 'lcm 构造 思维', '1', '基础');
INSERT INTO `t_order` (`id`, `name`, `broad_knowledge`, `subdivision_knowledge`, `hard`, `master`) VALUES (6119, 'https://codeforces.com/contest/1497/problem/B', '数论', '同余 构造', '1', '基础');
INSERT INTO `t_order` (`id`, `name`, `broad_knowledge`, `subdivision_knowledge`, `hard`, `master`) VALUES (6120, 'https://codeforces.com/contest/1497/problem/A', '算法', '暴力 排序', '0', '基础');
INSERT INTO `t_order` (`id`, `name`, `broad_knowledge`, `subdivision_knowledge`, `hard`, `master`) VALUES (6121, 'https://codeforces.com/gym/102822/problem/L', '数学', '二进制 思维 计数', '4', '基础');
INSERT INTO `t_order` (`id`, `name`, `broad_knowledge`, `subdivision_knowledge`, `hard`, `master`) VALUES (6122, 'https://codeforces.com/contest/1493/problem/C', '算法', '贪心 枚举', '3', '基础');
INSERT INTO `t_order` (`id`, `name`, `broad_knowledge`, `subdivision_knowledge`, `hard`, `master`) VALUES (6123, 'https://codeforces.com/contest/1355/problem/A', '算法', '暴力', '1', '基础');
INSERT INTO `t_order` (`id`, `name`, `broad_knowledge`, `subdivision_knowledge`, `hard`, `master`) VALUES (6124, 'https://codeforces.com/contest/1355/problem/B', '算法', '贪心 排序', '1', '基础');
INSERT INTO `t_order` (`id`, `name`, `broad_knowledge`, `subdivision_knowledge`, `hard`, `master`) VALUES (6125, 'https://codeforces.com/gym/102822/problem/J', '数据结构', '线段树 排序', '3', '基础');
INSERT INTO `t_order` (`id`, `name`, `broad_knowledge`, `subdivision_knowledge`, `hard`, `master`) VALUES (6126, 'https://codeforces.com/contest/1493/problem/B', '算法', '模拟', '1', '基础');
INSERT INTO `t_order` (`id`, `name`, `broad_knowledge`, `subdivision_knowledge`, `hard`, `master`) VALUES (6127, 'https://codeforces.com/contest/1493/problem/A', '算法', '贪心 构造', '0', '基础');
INSERT INTO `t_order` (`id`, `name`, `broad_knowledge`, `subdivision_knowledge`, `hard`, `master`) VALUES (6128, 'https://codeforces.com/contest/1501/problem/C', '算法', '思维 暴力', '3', '基础');
INSERT INTO `t_order` (`id`, `name`, `broad_knowledge`, `subdivision_knowledge`, `hard`, `master`) VALUES (6129, 'https://codeforces.com/contest/1501/problem/B', '算法', '差分', '0', '基础');
INSERT INTO `t_order` (`id`, `name`, `broad_knowledge`, `subdivision_knowledge`, `hard`, `master`) VALUES (6130, 'https://codeforces.com/contest/1501/problem/A', '算法', '模拟', '0', '基础');
INSERT INTO `t_order` (`id`, `name`, `broad_knowledge`, `subdivision_knowledge`, `hard`, `master`) VALUES (6131, 'https://codeforces.com/gym/102822/problem/K', '数论', '思维 找规律', '2', '基础');
INSERT INTO `t_order` (`id`, `name`, `broad_knowledge`, `subdivision_knowledge`, `hard`, `master`) VALUES (6132, 'https://codeforces.com/contest/1496/problem/D', '算法', '链表 模拟 博弈', '3', '基础');
INSERT INTO `t_order` (`id`, `name`, `broad_knowledge`, `subdivision_knowledge`, `hard`, `master`) VALUES (6133, 'https://codeforces.com/contest/1496/problem/C', '算法', '贪心 排序', '1', '基础');
INSERT INTO `t_order` (`id`, `name`, `broad_knowledge`, `subdivision_knowledge`, `hard`, `master`) VALUES (6134, 'https://codeforces.com/contest/1496/problem/B', '数学', '思维', '1', '基础');
INSERT INTO `t_order` (`id`, `name`, `broad_knowledge`, `subdivision_knowledge`, `hard`, `master`) VALUES (6135, 'https://codeforces.com/contest/1496/problem/A', '算法', '暴力', '0', '基础');
INSERT INTO `t_order` (`id`, `name`, `broad_knowledge`, `subdivision_knowledge`, `hard`, `master`) VALUES (6136, 'https://codeforces.com/contest/1493/problem/D', '数论', '质因数分解 multiset 模拟', '3', '基础');
INSERT INTO `t_order` (`id`, `name`, `broad_knowledge`, `subdivision_knowledge`, `hard`, `master`) VALUES (6137, 'https://codeforces.com/contest/1494/problem/C', '算法', '排序 二分 模拟', '3', '基础');
INSERT INTO `t_order` (`id`, `name`, `broad_knowledge`, `subdivision_knowledge`, `hard`, `master`) VALUES (6138, 'https://codeforces.com/contest/1491/problem/D', '算法', '二进制 思维 构造', '3', '基础');
INSERT INTO `t_order` (`id`, `name`, `broad_knowledge`, `subdivision_knowledge`, `hard`, `master`) VALUES (6139, 'https://codeforces.com/contest/1491/problem/C', '算法', '差分', '2', '基础');
INSERT INTO `t_order` (`id`, `name`, `broad_knowledge`, `subdivision_knowledge`, `hard`, `master`) VALUES (6140, 'https://codeforces.com/contest/1491/problem/B', '算法', '暴力', '1', '基础');
INSERT INTO `t_order` (`id`, `name`, `broad_knowledge`, `subdivision_knowledge`, `hard`, `master`) VALUES (6141, 'https://codeforces.com/contest/1491/problem/A', '算法', '暴力', '0', '基础');
INSERT INTO `t_order` (`id`, `name`, `broad_knowledge`, `subdivision_knowledge`, `hard`, `master`) VALUES (6142, 'https://codeforces.com/contest/1494/problem/B', '算法', '模拟', '1', '基础');
INSERT INTO `t_order` (`id`, `name`, `broad_knowledge`, `subdivision_knowledge`, `hard`, `master`) VALUES (6143, 'https://codeforces.com/contest/1494/problem/A', '算法', '暴力', '0', '基础');
INSERT INTO `t_order` (`id`, `name`, `broad_knowledge`, `subdivision_knowledge`, `hard`, `master`) VALUES (6144, 'https://codeforces.com/gym/102769/problem/K', '动态规划', '树形DP 贪心 思维', '4', '分类基础');
INSERT INTO `t_order` (`id`, `name`, `broad_knowledge`, `subdivision_knowledge`, `hard`, `master`) VALUES (6145, 'https://codeforces.com/contest/1492/problem/D', '算法', '思维 构造', '3', '基础');
INSERT INTO `t_order` (`id`, `name`, `broad_knowledge`, `subdivision_knowledge`, `hard`, `master`) VALUES (6146, 'https://codeforces.com/contest/1492/problem/C', '算法', '思维 贪心', '2', '基础');
INSERT INTO `t_order` (`id`, `name`, `broad_knowledge`, `subdivision_knowledge`, `hard`, `master`) VALUES (6147, 'https://codeforces.com/contest/1492/problem/B', '算法', '暴力 set', '1', '基础');
INSERT INTO `t_order` (`id`, `name`, `broad_knowledge`, `subdivision_knowledge`, `hard`, `master`) VALUES (6148, 'https://codeforces.com/contest/1492/problem/A', '数学', '思维', '0', '基础');
INSERT INTO `t_order` (`id`, `name`, `broad_knowledge`, `subdivision_knowledge`, `hard`, `master`) VALUES (6149, 'https://codeforces.com/contest/875/problem/F', '图论', '贪心 排序 并查集', '4', '基础');
INSERT INTO `t_order` (`id`, `name`, `broad_knowledge`, `subdivision_knowledge`, `hard`, `master`) VALUES (6150, 'https://codeforces.com/contest/1487/problem/D', '算法', '打表 找规律 二分', '2', '基础');
INSERT INTO `t_order` (`id`, `name`, `broad_knowledge`, `subdivision_knowledge`, `hard`, `master`) VALUES (6151, 'https://codeforces.com/contest/1487/problem/C', '算法', '思维 构造', '2', '基础');
INSERT INTO `t_order` (`id`, `name`, `broad_knowledge`, `subdivision_knowledge`, `hard`, `master`) VALUES (6152, 'https://codeforces.com/contest/1487/problem/B', '数学', '思维', '1', '基础');
INSERT INTO `t_order` (`id`, `name`, `broad_knowledge`, `subdivision_knowledge`, `hard`, `master`) VALUES (6153, 'https://codeforces.com/contest/1487/problem/A', '算法', '模拟', '0', '基础');
INSERT INTO `t_order` (`id`, `name`, `broad_knowledge`, `subdivision_knowledge`, `hard`, `master`) VALUES (6154, 'https://codeforces.com/contest/1481/problem/D', '算法', '贪心 构造', '3', '基础');
INSERT INTO `t_order` (`id`, `name`, `broad_knowledge`, `subdivision_knowledge`, `hard`, `master`) VALUES (6155, 'https://codeforces.com/contest/1481/problem/B', '算法', '暴力', '1', '基础');
INSERT INTO `t_order` (`id`, `name`, `broad_knowledge`, `subdivision_knowledge`, `hard`, `master`) VALUES (6156, 'https://codeforces.com/contest/1481/problem/C', '算法', '构造', '2', '基础');
INSERT INTO `t_order` (`id`, `name`, `broad_knowledge`, `subdivision_knowledge`, `hard`, `master`) VALUES (6157, 'https://codeforces.com/contest/1481/problem/B', '算法', '暴力', '1', '基础');
INSERT INTO `t_order` (`id`, `name`, `broad_knowledge`, `subdivision_knowledge`, `hard`, `master`) VALUES (6158, 'https://codeforces.com/contest/1481/problem/A', '算法', '贪心', '0', '基础');
INSERT INTO `t_order` (`id`, `name`, `broad_knowledge`, `subdivision_knowledge`, `hard`, `master`) VALUES (6159, 'https://codeforces.com/contest/1476/problem/D', '动态规划', '线性DP 链表', '2', '基础');
INSERT INTO `t_order` (`id`, `name`, `broad_knowledge`, `subdivision_knowledge`, `hard`, `master`) VALUES (6160, 'https://codeforces.com/contest/1478/problem/D', '数论', '思维 排序 裴蜀定理', '3', '基础');
INSERT INTO `t_order` (`id`, `name`, `broad_knowledge`, `subdivision_knowledge`, `hard`, `master`) VALUES (6161, 'https://codeforces.com/contest/1476/problem/C', '动态规划', '线性DP', '2', '基础');
INSERT INTO `t_order` (`id`, `name`, `broad_knowledge`, `subdivision_knowledge`, `hard`, `master`) VALUES (6162, 'https://codeforces.com/contest/1476/problem/B', '算法', '思维 模拟', '1', '基础');
INSERT INTO `t_order` (`id`, `name`, `broad_knowledge`, `subdivision_knowledge`, `hard`, `master`) VALUES (6163, 'https://codeforces.com/contest/1476/problem/A', '算法', '构造 模拟', '1', '基础');
INSERT INTO `t_order` (`id`, `name`, `broad_knowledge`, `subdivision_knowledge`, `hard`, `master`) VALUES (6164, 'https://codeforces.com/contest/1478/problem/C', '数学', '公式推导 模拟', '2', '基础');
INSERT INTO `t_order` (`id`, `name`, `broad_knowledge`, `subdivision_knowledge`, `hard`, `master`) VALUES (6165, 'https://codeforces.com/contest/1478/problem/B', '算法', '思维', '1', '基础');
INSERT INTO `t_order` (`id`, `name`, `broad_knowledge`, `subdivision_knowledge`, `hard`, `master`) VALUES (6166, 'https://codeforces.com/contest/1478/problem/A', '算法', '暴力', '1', '基础');
INSERT INTO `t_order` (`id`, `name`, `broad_knowledge`, `subdivision_knowledge`, `hard`, `master`) VALUES (6167, 'https://codeforces.com/contest/1350/problem/C', '数论', 'gcd lcm 质因数分解', '2', '基础');
INSERT INTO `t_order` (`id`, `name`, `broad_knowledge`, `subdivision_knowledge`, `hard`, `master`) VALUES (6168, 'https://codeforces.com/contest/1475/problem/G', '动态规划', '线性DP 埃氏筛变形', '3', '基础');
INSERT INTO `t_order` (`id`, `name`, `broad_knowledge`, `subdivision_knowledge`, `hard`, `master`) VALUES (6169, 'https://codeforces.com/contest/1475/problem/F', '算法', '构造 模拟 思维', '3', '基础');
INSERT INTO `t_order` (`id`, `name`, `broad_knowledge`, `subdivision_knowledge`, `hard`, `master`) VALUES (6170, 'https://codeforces.com/contest/1475/problem/D', '算法', '枚举 前缀和 二分', '3', '基础');
INSERT INTO `t_order` (`id`, `name`, `broad_knowledge`, `subdivision_knowledge`, `hard`, `master`) VALUES (6171, 'https://codeforces.com/contest/1475/problem/C', '算法', '暴力 思维', '1', '基础');
INSERT INTO `t_order` (`id`, `name`, `broad_knowledge`, `subdivision_knowledge`, `hard`, `master`) VALUES (6172, 'https://codeforces.com/contest/1475/problem/A', '数论', '思维', '0', '基础');
INSERT INTO `t_order` (`id`, `name`, `broad_knowledge`, `subdivision_knowledge`, `hard`, `master`) VALUES (6173, 'https://codeforces.com/contest/1475/problem/E', '数学', '组合数', '2', '基础');
INSERT INTO `t_order` (`id`, `name`, `broad_knowledge`, `subdivision_knowledge`, `hard`, `master`) VALUES (6174, 'https://codeforces.com/contest/1475/problem/B', '算法', '暴力', '0', '基础');
INSERT INTO `t_order` (`id`, `name`, `broad_knowledge`, `subdivision_knowledge`, `hard`, `master`) VALUES (6175, 'https://codeforces.com/contest/1474/problem/D', '算法', '思维 前缀和 模拟', '3', '基础');
INSERT INTO `t_order` (`id`, `name`, `broad_knowledge`, `subdivision_knowledge`, `hard`, `master`) VALUES (6176, 'https://codeforces.com/contest/1474/problem/C', '算法', '思维 multiset', '2', '基础');
INSERT INTO `t_order` (`id`, `name`, `broad_knowledge`, `subdivision_knowledge`, `hard`, `master`) VALUES (6177, 'https://codeforces.com/contest/1474/problem/B', '数论', '素数筛选 二分', '1', '基础');
INSERT INTO `t_order` (`id`, `name`, `broad_knowledge`, `subdivision_knowledge`, `hard`, `master`) VALUES (6178, 'https://codeforces.com/contest/1474/problem/A', '算法', '贪心', '0', '基础');
INSERT INTO `t_order` (`id`, `name`, `broad_knowledge`, `subdivision_knowledge`, `hard`, `master`) VALUES (6179, 'https://codeforces.com/contest/1473/problem/C', '算法', '思维 构造 找规律', '2', '基础');
INSERT INTO `t_order` (`id`, `name`, `broad_knowledge`, `subdivision_knowledge`, `hard`, `master`) VALUES (6180, 'https://codeforces.com/contest/1473/problem/D', '数据结构', '线段树', '3', '基础');
INSERT INTO `t_order` (`id`, `name`, `broad_knowledge`, `subdivision_knowledge`, `hard`, `master`) VALUES (6181, 'https://codeforces.com/contest/1473/problem/B', '算法', '暴力', '1', '基础');
INSERT INTO `t_order` (`id`, `name`, `broad_knowledge`, `subdivision_knowledge`, `hard`, `master`) VALUES (6182, 'https://codeforces.com/contest/1473/problem/A', '算法', '贪心', '1', '基础');
INSERT INTO `t_order` (`id`, `name`, `broad_knowledge`, `subdivision_knowledge`, `hard`, `master`) VALUES (6183, 'https://codeforces.com/contest/1471/problem/D', '数论', 'gcd 质因数分解', '3', '基础');
INSERT INTO `t_order` (`id`, `name`, `broad_knowledge`, `subdivision_knowledge`, `hard`, `master`) VALUES (6184, 'https://codeforces.com/contest/1471/problem/C', '算法', '暴力 贪心', '1', '基础');
INSERT INTO `t_order` (`id`, `name`, `broad_knowledge`, `subdivision_knowledge`, `hard`, `master`) VALUES (6185, 'https://codeforces.com/contest/1471/problem/B', '算法', '贪心 模拟', '1', '基础');
INSERT INTO `t_order` (`id`, `name`, `broad_knowledge`, `subdivision_knowledge`, `hard`, `master`) VALUES (6186, 'https://codeforces.com/contest/1471/problem/A', '算法', '贪心', '0', '基础');
INSERT INTO `t_order` (`id`, `name`, `broad_knowledge`, `subdivision_knowledge`, `hard`, `master`) VALUES (6187, 'https://codeforces.com/contest/1443/problem/D', '算法', '思维 差分 构造', '3', '基础');
INSERT INTO `t_order` (`id`, `name`, `broad_knowledge`, `subdivision_knowledge`, `hard`, `master`) VALUES (6188, 'https://codeforces.com/contest/1443/problem/C', '算法', '排序 模拟', '1', '基础');
INSERT INTO `t_order` (`id`, `name`, `broad_knowledge`, `subdivision_knowledge`, `hard`, `master`) VALUES (6189, 'https://codeforces.com/contest/1443/problem/B', '算法', '贪心 思维', '1', '基础');
INSERT INTO `t_order` (`id`, `name`, `broad_knowledge`, `subdivision_knowledge`, `hard`, `master`) VALUES (6190, 'https://codeforces.com/contest/1443/problem/A', '算法', '构造', '0', '基础');
INSERT INTO `t_order` (`id`, `name`, `broad_knowledge`, `subdivision_knowledge`, `hard`, `master`) VALUES (6191, 'https://codeforces.com/contest/1437/problem/D', '图论', '思维', '2', '基础');
INSERT INTO `t_order` (`id`, `name`, `broad_knowledge`, `subdivision_knowledge`, `hard`, `master`) VALUES (6192, 'https://codeforces.com/contest/1437/problem/C', '动态规划', '二维DP', '3', '基础');
INSERT INTO `t_order` (`id`, `name`, `broad_knowledge`, `subdivision_knowledge`, `hard`, `master`) VALUES (6193, 'https://codeforces.com/contest/1428/problem/F', '数据结构', '思维 线段树', '4', '基础');
INSERT INTO `t_order` (`id`, `name`, `broad_knowledge`, `subdivision_knowledge`, `hard`, `master`) VALUES (6194, 'https://codeforces.com/contest/1437/problem/B', '算法', '贪心 构造', '1', '基础');
INSERT INTO `t_order` (`id`, `name`, `broad_knowledge`, `subdivision_knowledge`, `hard`, `master`) VALUES (6195, 'https://codeforces.com/contest/1437/problem/A', '算法', '暴力', '0', '基础');
INSERT INTO `t_order` (`id`, `name`, `broad_knowledge`, `subdivision_knowledge`, `hard`, `master`) VALUES (6196, 'https://codeforces.com/contest/1428/problem/E', '算法', '贪心 优先队列', '3', '基础');
INSERT INTO `t_order` (`id`, `name`, `broad_knowledge`, `subdivision_knowledge`, `hard`, `master`) VALUES (6197, 'https://codeforces.com/contest/1428/problem/D', '算法', '构造 贪心 模拟', '3', '基础');
INSERT INTO `t_order` (`id`, `name`, `broad_knowledge`, `subdivision_knowledge`, `hard`, `master`) VALUES (6198, 'https://codeforces.com/contest/1433/problem/F', '动态规划', '四维DP 同余转移', '3', '基础');
INSERT INTO `t_order` (`id`, `name`, `broad_knowledge`, `subdivision_knowledge`, `hard`, `master`) VALUES (6199, 'https://codeforces.com/contest/1433/problem/E', '数学', '组合计数', '1', '基础');
INSERT INTO `t_order` (`id`, `name`, `broad_knowledge`, `subdivision_knowledge`, `hard`, `master`) VALUES (6200, 'https://codeforces.com/contest/1428/problem/C', '算法', '暴力 贪心', '1', '基础');
INSERT INTO `t_order` (`id`, `name`, `broad_knowledge`, `subdivision_knowledge`, `hard`, `master`) VALUES (6201, 'https://codeforces.com/contest/1428/problem/B', '图论', '四维 模拟', '1', '基础');
INSERT INTO `t_order` (`id`, `name`, `broad_knowledge`, `subdivision_knowledge`, `hard`, `master`) VALUES (6202, 'https://codeforces.com/contest/1428/problem/A', '数学', '思维', '0', '基础');
INSERT INTO `t_order` (`id`, `name`, `broad_knowledge`, `subdivision_knowledge`, `hard`, `master`) VALUES (6203, 'https://codeforces.com/contest/1433/problem/D', '算法', '思维 暴力', '1', '基础');
INSERT INTO `t_order` (`id`, `name`, `broad_knowledge`, `subdivision_knowledge`, `hard`, `master`) VALUES (6204, 'https://codeforces.com/contest/1433/problem/C', '算法', '构造 贪心', '0', '基础');
INSERT INTO `t_order` (`id`, `name`, `broad_knowledge`, `subdivision_knowledge`, `hard`, `master`) VALUES (6205, 'https://codeforces.com/contest/1433/problem/B', '算法', '贪心 模拟', '0', '基础');
INSERT INTO `t_order` (`id`, `name`, `broad_knowledge`, `subdivision_knowledge`, `hard`, `master`) VALUES (6206, 'https://codeforces.com/contest/1433/problem/A', '数学', '思维', '0', '基础');
INSERT INTO `t_order` (`id`, `name`, `broad_knowledge`, `subdivision_knowledge`, `hard`, `master`) VALUES (6207, 'https://codeforces.com/contest/1418/problem/D', '数据结构', '线段树 优先队列 set', '3', '基础');
INSERT INTO `t_order` (`id`, `name`, `broad_knowledge`, `subdivision_knowledge`, `hard`, `master`) VALUES (6208, 'https://codeforces.com/contest/1418/problem/C', '动态规划', '线性DP', '2', '基础');
INSERT INTO `t_order` (`id`, `name`, `broad_knowledge`, `subdivision_knowledge`, `hard`, `master`) VALUES (6209, 'https://codeforces.com/contest/1418/problem/B', '算法', '贪心 排序', '1', '基础');
INSERT INTO `t_order` (`id`, `name`, `broad_knowledge`, `subdivision_knowledge`, `hard`, `master`) VALUES (6210, 'https://codeforces.com/contest/1418/problem/A', '数学', '思维', '1', '基础');
INSERT INTO `t_order` (`id`, `name`, `broad_knowledge`, `subdivision_knowledge`, `hard`, `master`) VALUES (6211, 'https://codeforces.com/contest/617/problem/E', '数据结构', '莫队 位运算', '3', '基础');
INSERT INTO `t_order` (`id`, `name`, `broad_knowledge`, `subdivision_knowledge`, `hard`, `master`) VALUES (6212, 'https://codeforces.com/contest/616/problem/E', '数论', '整除分块', '3', '基础');
INSERT INTO `t_order` (`id`, `name`, `broad_knowledge`, `subdivision_knowledge`, `hard`, `master`) VALUES (6213, 'https://codeforces.com/contest/1372/problem/D', '算法', '思维 前缀和', '3', '基础');
INSERT INTO `t_order` (`id`, `name`, `broad_knowledge`, `subdivision_knowledge`, `hard`, `master`) VALUES (6214, 'https://codeforces.com/contest/1372/problem/C', '数学', '构造 思维', '2', '基础');
INSERT INTO `t_order` (`id`, `name`, `broad_knowledge`, `subdivision_knowledge`, `hard`, `master`) VALUES (6215, 'https://codeforces.com/contest/1372/problem/B', '数论', '思维', '1', '基础');
INSERT INTO `t_order` (`id`, `name`, `broad_knowledge`, `subdivision_knowledge`, `hard`, `master`) VALUES (6216, 'https://codeforces.com/contest/1372/problem/A', '算法', '构造 模拟', '0', '基础');
INSERT INTO `t_order` (`id`, `name`, `broad_knowledge`, `subdivision_knowledge`, `hard`, `master`) VALUES (6217, 'https://codeforces.com/contest/1374/problem/C', '数据结构', '栈', '1', '基础');
INSERT INTO `t_order` (`id`, `name`, `broad_knowledge`, `subdivision_knowledge`, `hard`, `master`) VALUES (6218, 'https://codeforces.com/contest/1374/problem/B', '数学', '思维', '0', '基础');
INSERT INTO `t_order` (`id`, `name`, `broad_knowledge`, `subdivision_knowledge`, `hard`, `master`) VALUES (6219, 'https://codeforces.com/contest/1374/problem/E1', '算法', '贪心 模拟', '2', '基础');
INSERT INTO `t_order` (`id`, `name`, `broad_knowledge`, `subdivision_knowledge`, `hard`, `master`) VALUES (6220, 'https://codeforces.com/contest/1374/problem/A', '数学', '思维', '0', '基础');
INSERT INTO `t_order` (`id`, `name`, `broad_knowledge`, `subdivision_knowledge`, `hard`, `master`) VALUES (6221, 'https://codeforces.com/contest/1374/problem/D', '算法', '模拟', '1', '基础');
INSERT INTO `t_order` (`id`, `name`, `broad_knowledge`, `subdivision_knowledge`, `hard`, `master`) VALUES (6222, 'https://codeforces.com/gym/102174/problem/D', '图论 算法', '并查集 二分', '3', '基础');
INSERT INTO `t_order` (`id`, `name`, `broad_knowledge`, `subdivision_knowledge`, `hard`, `master`) VALUES (6223, 'https://codeforces.com/contest/1363/problem/B', '算法', '模拟', '1', '基础');
INSERT INTO `t_order` (`id`, `name`, `broad_knowledge`, `subdivision_knowledge`, `hard`, `master`) VALUES (6224, 'https://codeforces.com/contest/1363/problem/A', '算法', '暴力', '1', '基础');
INSERT INTO `t_order` (`id`, `name`, `broad_knowledge`, `subdivision_knowledge`, `hard`, `master`) VALUES (6225, 'https://codeforces.com/contest/1363/problem/C', '博弈论', '贪心 树上博弈', '2', '基础');
INSERT INTO `t_order` (`id`, `name`, `broad_knowledge`, `subdivision_knowledge`, `hard`, `master`) VALUES (6226, 'https://codeforces.com/contest/1358/problem/C', '数学', '思维', '2', '基础');
INSERT INTO `t_order` (`id`, `name`, `broad_knowledge`, `subdivision_knowledge`, `hard`, `master`) VALUES (6227, 'https://codeforces.com/contest/1358/problem/D', '算法', '双指针 前缀和 二分', '3', '基础');
INSERT INTO `t_order` (`id`, `name`, `broad_knowledge`, `subdivision_knowledge`, `hard`, `master`) VALUES (6228, 'https://codeforces.com/contest/1358/problem/B', '算法', '贪心 排序', '1', '基础');
INSERT INTO `t_order` (`id`, `name`, `broad_knowledge`, `subdivision_knowledge`, `hard`, `master`) VALUES (6229, 'https://codeforces.com/contest/1358/problem/A', '算法', '贪心', '0', '基础');
INSERT INTO `t_order` (`id`, `name`, `broad_knowledge`, `subdivision_knowledge`, `hard`, `master`) VALUES (6230, 'https://codeforces.com/contest/1360/problem/H', '算法', '思维 二进制 贪心', '3', '基础');
INSERT INTO `t_order` (`id`, `name`, `broad_knowledge`, `subdivision_knowledge`, `hard`, `master`) VALUES (6231, 'https://codeforces.com/contest/1360/problem/G', '算法', '构造', '3', '基础');
INSERT INTO `t_order` (`id`, `name`, `broad_knowledge`, `subdivision_knowledge`, `hard`, `master`) VALUES (6232, 'https://codeforces.com/contest/1360/problem/F', '算法', '模拟', '2', '基础');
INSERT INTO `t_order` (`id`, `name`, `broad_knowledge`, `subdivision_knowledge`, `hard`, `master`) VALUES (6233, 'https://codeforces.com/contest/1360/problem/E', '算法', '搜索', '1', '基础');
INSERT INTO `t_order` (`id`, `name`, `broad_knowledge`, `subdivision_knowledge`, `hard`, `master`) VALUES (6234, 'https://codeforces.com/contest/1360/problem/D', '数论', '因式分解 二分', '1', '基础');
INSERT INTO `t_order` (`id`, `name`, `broad_knowledge`, `subdivision_knowledge`, `hard`, `master`) VALUES (6235, 'https://codeforces.com/contest/1360/problem/C', '算法', '贪心 二分', '1', '基础');
INSERT INTO `t_order` (`id`, `name`, `broad_knowledge`, `subdivision_knowledge`, `hard`, `master`) VALUES (6236, 'https://codeforces.com/contest/1360/problem/B', '算法', '贪心', '0', '基础');
INSERT INTO `t_order` (`id`, `name`, `broad_knowledge`, `subdivision_knowledge`, `hard`, `master`) VALUES (6237, 'https://codeforces.com/contest/1360/problem/A', '数学', '思维', '0', '基础');
INSERT INTO `t_order` (`id`, `name`, `broad_knowledge`, `subdivision_knowledge`, `hard`, `master`) VALUES (6238, 'https://codeforces.com/contest/1354/problem/D', '数据结构', '线段树 树状数组', '3', '基础');
INSERT INTO `t_order` (`id`, `name`, `broad_knowledge`, `subdivision_knowledge`, `hard`, `master`) VALUES (6239, 'https://codeforces.com/contest/1354/problem/C2', '计算几何', '平面几何 公式推导', '3', '基础');
INSERT INTO `t_order` (`id`, `name`, `broad_knowledge`, `subdivision_knowledge`, `hard`, `master`) VALUES (6240, 'https://codeforces.com/contest/1354/problem/C1', '计算几何', '平面几何 公式推导', '1', '基础');
INSERT INTO `t_order` (`id`, `name`, `broad_knowledge`, `subdivision_knowledge`, `hard`, `master`) VALUES (6241, 'https://codeforces.com/contest/1355/problem/E', '算法', '三分', '3', '基础');
INSERT INTO `t_order` (`id`, `name`, `broad_knowledge`, `subdivision_knowledge`, `hard`, `master`) VALUES (6242, 'https://codeforces.com/contest/1355/problem/D', '算法', '思维 构造', '2', '基础');
INSERT INTO `t_order` (`id`, `name`, `broad_knowledge`, `subdivision_knowledge`, `hard`, `master`) VALUES (6243, 'https://codeforces.com/contest/1355/problem/C', '算法 数学', '组合计数 差分 模拟', '3', '基础');
INSERT INTO `t_order` (`id`, `name`, `broad_knowledge`, `subdivision_knowledge`, `hard`, `master`) VALUES (6244, 'https://codeforces.com/contest/1354/problem/B', '算法', '双指针', '1', '基础');
INSERT INTO `t_order` (`id`, `name`, `broad_knowledge`, `subdivision_knowledge`, `hard`, `master`) VALUES (6245, 'https://codeforces.com/contest/1354/problem/A', '数学', '思维', '0', '基础');
INSERT INTO `t_order` (`id`, `name`, `broad_knowledge`, `subdivision_knowledge`, `hard`, `master`) VALUES (6246, 'https://codeforces.com/contest/1350/problem/E', '算法', '思维 bfs', '3', '基础');
INSERT INTO `t_order` (`id`, `name`, `broad_knowledge`, `subdivision_knowledge`, `hard`, `master`) VALUES (6247, 'https://codeforces.com/contest/1350/problem/D', '算法', '贪心 构造', '3', '基础');
INSERT INTO `t_order` (`id`, `name`, `broad_knowledge`, `subdivision_knowledge`, `hard`, `master`) VALUES (6248, 'https://codeforces.com/contest/1353/problem/E', '算法', '贪心', '3', '基础');
INSERT INTO `t_order` (`id`, `name`, `broad_knowledge`, `subdivision_knowledge`, `hard`, `master`) VALUES (6249, 'https://codeforces.com/contest/1353/problem/C', '数学', '思维', '1', '基础');
INSERT INTO `t_order` (`id`, `name`, `broad_knowledge`, `subdivision_knowledge`, `hard`, `master`) VALUES (6250, 'https://codeforces.com/contest/1353/problem/B', '算法', '贪心', '0', '基础');
INSERT INTO `t_order` (`id`, `name`, `broad_knowledge`, `subdivision_knowledge`, `hard`, `master`) VALUES (6251, 'https://codeforces.com/contest/1353/problem/A', '数学', '思维', '0', '基础');
INSERT INTO `t_order` (`id`, `name`, `broad_knowledge`, `subdivision_knowledge`, `hard`, `master`) VALUES (6252, 'https://codeforces.com/contest/1350/problem/A', '数学', '思维', '0', '基础');
INSERT INTO `t_order` (`id`, `name`, `broad_knowledge`, `subdivision_knowledge`, `hard`, `master`) VALUES (6253, 'https://codeforces.com/contest/1350/problem/B', '动态规划', '线性DP 因式分解', '1', '基础');
INSERT INTO `t_order` (`id`, `name`, `broad_knowledge`, `subdivision_knowledge`, `hard`, `master`) VALUES (6254, 'https://codeforces.com/contest/1352/problem/F', '算法', '构造', '2', '基础');
INSERT INTO `t_order` (`id`, `name`, `broad_knowledge`, `subdivision_knowledge`, `hard`, `master`) VALUES (6255, 'https://codeforces.com/contest/1352/problem/G', '算法', '构造', '2', '基础');
INSERT INTO `t_order` (`id`, `name`, `broad_knowledge`, `subdivision_knowledge`, `hard`, `master`) VALUES (6256, 'https://codeforces.com/contest/1352/problem/E', '算法', '暴力 前缀和', '2', '基础');
INSERT INTO `t_order` (`id`, `name`, `broad_knowledge`, `subdivision_knowledge`, `hard`, `master`) VALUES (6257, 'https://codeforces.com/contest/1352/problem/D', '算法', '模拟', '1', '基础');
INSERT INTO `t_order` (`id`, `name`, `broad_knowledge`, `subdivision_knowledge`, `hard`, `master`) VALUES (6258, 'https://codeforces.com/contest/1352/problem/B', '算法', '构造', '1', '基础');
INSERT INTO `t_order` (`id`, `name`, `broad_knowledge`, `subdivision_knowledge`, `hard`, `master`) VALUES (6259, 'https://codeforces.com/contest/1352/problem/C', '数学', '思维', '1', '基础');
INSERT INTO `t_order` (`id`, `name`, `broad_knowledge`, `subdivision_knowledge`, `hard`, `master`) VALUES (6260, 'https://codeforces.com/contest/1352/problem/A', '算法', '模拟', '0', '基础');
INSERT INTO `t_order` (`id`, `name`, `broad_knowledge`, `subdivision_knowledge`, `hard`, `master`) VALUES (6261, 'https://codeforces.com/contest/1345/problem/C', '数论', '思维', '2', '基础');
INSERT INTO `t_order` (`id`, `name`, `broad_knowledge`, `subdivision_knowledge`, `hard`, `master`) VALUES (6262, 'https://codeforces.com/contest/1345/problem/B', '算法', '暴力', '1', '基础');
INSERT INTO `t_order` (`id`, `name`, `broad_knowledge`, `subdivision_knowledge`, `hard`, `master`) VALUES (6263, 'https://codeforces.com/contest/1345/problem/A', '数学', '思维', '0', '基础');
INSERT INTO `t_order` (`id`, `name`, `broad_knowledge`, `subdivision_knowledge`, `hard`, `master`) VALUES (6264, 'https://codeforces.com/contest/1348/problem/C', '算法', '贪心 构造', '2', '基础');
INSERT INTO `t_order` (`id`, `name`, `broad_knowledge`, `subdivision_knowledge`, `hard`, `master`) VALUES (6265, 'https://codeforces.com/contest/1348/problem/B', '算法', '贪心 构造', '1', '基础');
INSERT INTO `t_order` (`id`, `name`, `broad_knowledge`, `subdivision_knowledge`, `hard`, `master`) VALUES (6266, 'https://codeforces.com/contest/1348/problem/A', '算法', '贪心', '0', '基础');
INSERT INTO `t_order` (`id`, `name`, `broad_knowledge`, `subdivision_knowledge`, `hard`, `master`) VALUES (6267, 'https://codeforces.com/contest/1341/problem/D', '算法', '搜索', '2', '基础');
INSERT INTO `t_order` (`id`, `name`, `broad_knowledge`, `subdivision_knowledge`, `hard`, `master`) VALUES (6268, 'https://codeforces.com/contest/1342/problem/C', '算法', '思维', '2', '基础');
INSERT INTO `t_order` (`id`, `name`, `broad_knowledge`, `subdivision_knowledge`, `hard`, `master`) VALUES (6269, 'https://codeforces.com/contest/1342/problem/B', '算法', '构造', '1', '基础');
INSERT INTO `t_order` (`id`, `name`, `broad_knowledge`, `subdivision_knowledge`, `hard`, `master`) VALUES (6270, 'https://codeforces.com/contest/1342/problem/A', '算法', '贪心', '1', '基础');
INSERT INTO `t_order` (`id`, `name`, `broad_knowledge`, `subdivision_knowledge`, `hard`, `master`) VALUES (6271, 'https://codeforces.com/contest/1341/problem/C', '算法', '贪心 模拟', '2', '基础');
INSERT INTO `t_order` (`id`, `name`, `broad_knowledge`, `subdivision_knowledge`, `hard`, `master`) VALUES (6272, 'https://codeforces.com/contest/1341/problem/B', '算法', '贪心 模拟', '1', '基础');
INSERT INTO `t_order` (`id`, `name`, `broad_knowledge`, `subdivision_knowledge`, `hard`, `master`) VALUES (6273, 'https://codeforces.com/contest/1341/problem/A', '数学', '思维', '0', '基础');
INSERT INTO `t_order` (`id`, `name`, `broad_knowledge`, `subdivision_knowledge`, `hard`, `master`) VALUES (6274, 'https://codeforces.com/contest/1343/problem/E', '图论', '最短路 前缀和', '3', '基础');
INSERT INTO `t_order` (`id`, `name`, `broad_knowledge`, `subdivision_knowledge`, `hard`, `master`) VALUES (6275, 'https://codeforces.com/contest/1343/problem/D', '算法', '差分', '2', '基础');
INSERT INTO `t_order` (`id`, `name`, `broad_knowledge`, `subdivision_knowledge`, `hard`, `master`) VALUES (6276, 'https://codeforces.com/contest/1343/problem/C', '算法', '思维 模拟', '1', '基础');
INSERT INTO `t_order` (`id`, `name`, `broad_knowledge`, `subdivision_knowledge`, `hard`, `master`) VALUES (6277, 'https://codeforces.com/contest/1343/problem/B', '数学', '构造', '0', '基础');
INSERT INTO `t_order` (`id`, `name`, `broad_knowledge`, `subdivision_knowledge`, `hard`, `master`) VALUES (6278, 'https://codeforces.com/contest/1343/problem/A', '算法', '暴力', '0', '基础');
INSERT INTO `t_order` (`id`, `name`, `broad_knowledge`, `subdivision_knowledge`, `hard`, `master`) VALUES (6279, 'https://codeforces.com/contest/1328/problem/F', '算法', '贪心', '3', '基础');
INSERT INTO `t_order` (`id`, `name`, `broad_knowledge`, `subdivision_knowledge`, `hard`, `master`) VALUES (6280, 'https://codeforces.com/contest/1328/problem/D', '算法', '构造 思维', '3', '基础');
INSERT INTO `t_order` (`id`, `name`, `broad_knowledge`, `subdivision_knowledge`, `hard`, `master`) VALUES (6281, 'https://codeforces.com/contest/1311/problem/F', '数据结构', '树状数组', '3', '基础');
INSERT INTO `t_order` (`id`, `name`, `broad_knowledge`, `subdivision_knowledge`, `hard`, `master`) VALUES (6282, 'https://codeforces.com/contest/1328/problem/B', '算法', '思维 找规律', '1', '基础');
INSERT INTO `t_order` (`id`, `name`, `broad_knowledge`, `subdivision_knowledge`, `hard`, `master`) VALUES (6283, 'https://codeforces.com/contest/1337/problem/D', '算法', '思维 二分', '2', '基础');
INSERT INTO `t_order` (`id`, `name`, `broad_knowledge`, `subdivision_knowledge`, `hard`, `master`) VALUES (6284, 'https://codeforces.com/contest/1328/problem/C', '算法', '贪心', '1', '基础');
INSERT INTO `t_order` (`id`, `name`, `broad_knowledge`, `subdivision_knowledge`, `hard`, `master`) VALUES (6285, 'https://codeforces.com/contest/1328/problem/A', '数学', '思维', '0', '基础');
INSERT INTO `t_order` (`id`, `name`, `broad_knowledge`, `subdivision_knowledge`, `hard`, `master`) VALUES (6286, 'https://codeforces.com/contest/1337/problem/C', '图论', '树上dfs', '2', '基础');
INSERT INTO `t_order` (`id`, `name`, `broad_knowledge`, `subdivision_knowledge`, `hard`, `master`) VALUES (6287, 'https://codeforces.com/contest/1337/problem/B', '算法', '贪心', '0', '基础');
INSERT INTO `t_order` (`id`, `name`, `broad_knowledge`, `subdivision_knowledge`, `hard`, `master`) VALUES (6288, 'https://codeforces.com/contest/1337/problem/A', '数学', '思维 构造', '0', '基础');
INSERT INTO `t_order` (`id`, `name`, `broad_knowledge`, `subdivision_knowledge`, `hard`, `master`) VALUES (6289, 'https://codeforces.com/contest/1335/problem/E2', '算法', '暴力 前缀和', '3', '基础');
INSERT INTO `t_order` (`id`, `name`, `broad_knowledge`, `subdivision_knowledge`, `hard`, `master`) VALUES (6290, 'https://codeforces.com/contest/1335/problem/E1', '算法', '前缀和 双指针 暴力', '2', '基础');
INSERT INTO `t_order` (`id`, `name`, `broad_knowledge`, `subdivision_knowledge`, `hard`, `master`) VALUES (6291, 'https://codeforces.com/contest/1335/problem/D', '算法', '构造', '1', '基础');
INSERT INTO `t_order` (`id`, `name`, `broad_knowledge`, `subdivision_knowledge`, `hard`, `master`) VALUES (6292, 'https://codeforces.com/contest/1335/problem/C', '算法', '贪心 排序 二分', '1', '基础');
INSERT INTO `t_order` (`id`, `name`, `broad_knowledge`, `subdivision_knowledge`, `hard`, `master`) VALUES (6293, 'https://codeforces.com/contest/1335/problem/B', '算法', '构造', '0', '基础');
INSERT INTO `t_order` (`id`, `name`, `broad_knowledge`, `subdivision_knowledge`, `hard`, `master`) VALUES (6294, 'https://codeforces.com/contest/1335/problem/A', '数学', '思维', '0', '基础');
INSERT INTO `t_order` (`id`, `name`, `broad_knowledge`, `subdivision_knowledge`, `hard`, `master`) VALUES (6295, 'https://codeforces.com/contest/1270/problem/C', '算法', '位运算', '1', '基础');
INSERT INTO `t_order` (`id`, `name`, `broad_knowledge`, `subdivision_knowledge`, `hard`, `master`) VALUES (6296, 'https://codeforces.com/contest/1270/problem/B', '算法', '构造 贪心', '1', '基础');
INSERT INTO `t_order` (`id`, `name`, `broad_knowledge`, `subdivision_knowledge`, `hard`, `master`) VALUES (6297, 'https://codeforces.com/contest/1270/problem/A', '博弈论', '思维', '0', '基础');
INSERT INTO `t_order` (`id`, `name`, `broad_knowledge`, `subdivision_knowledge`, `hard`, `master`) VALUES (6298, 'https://codeforces.com/contest/1178/problem/A', '算法', '贪心', '0', '基础');
INSERT INTO `t_order` (`id`, `name`, `broad_knowledge`, `subdivision_knowledge`, `hard`, `master`) VALUES (6299, 'https://codeforces.com/contest/1144/problem/B', '算法', '模拟', '0', '基础');
INSERT INTO `t_order` (`id`, `name`, `broad_knowledge`, `subdivision_knowledge`, `hard`, `master`) VALUES (6300, 'https://codeforces.com/contest/1144/problem/A', '算法', '暴力', '0', '基础');
INSERT INTO `t_order` (`id`, `name`, `broad_knowledge`, `subdivision_knowledge`, `hard`, `master`) VALUES (6301, 'https://pintia.cn/problem-sets/994805046380707840/problems/1111914599412858889', '算法', '模拟 栈', '1', '基础');
INSERT INTO `t_order` (`id`, `name`, `broad_knowledge`, `subdivision_knowledge`, `hard`, `master`) VALUES (6302, 'https://pintia.cn/problem-sets/994805046380707840/problems/1336215880692482056', '数据结构', '栈', '0', '基础');
INSERT INTO `t_order` (`id`, `name`, `broad_knowledge`, `subdivision_knowledge`, `hard`, `master`) VALUES (6303, 'https://pintia.cn/problem-sets/994805046380707840/problems/1336215880692482057', '算法', '模拟', '2', '基础');
INSERT INTO `t_order` (`id`, `name`, `broad_knowledge`, `subdivision_knowledge`, `hard`, `master`) VALUES (6304, 'https://pintia.cn/problem-sets/994805046380707840/problems/1336215880692482058', '图论', '二叉树 递归', '2', '基础');
INSERT INTO `t_order` (`id`, `name`, `broad_knowledge`, `subdivision_knowledge`, `hard`, `master`) VALUES (6305, 'https://pintia.cn/problem-sets/994805046380707840/problems/1336215880692482059', '算法', '模拟', '1', '基础');
INSERT INTO `t_order` (`id`, `name`, `broad_knowledge`, `subdivision_knowledge`, `hard`, `master`) VALUES (6306, 'https://pintia.cn/problem-sets/994805046380707840/problems/1386335159927652360', '数据结构', '栈 模拟', '1', '基础');
INSERT INTO `t_order` (`id`, `name`, `broad_knowledge`, `subdivision_knowledge`, `hard`, `master`) VALUES (6307, 'https://pintia.cn/problem-sets/994805046380707840/problems/1386335159927652361', '算法', 'dfs 模拟', '1', '基础');
INSERT INTO `t_order` (`id`, `name`, `broad_knowledge`, `subdivision_knowledge`, `hard`, `master`) VALUES (6308, 'https://pintia.cn/problem-sets/994805046380707840/problems/1386335159927652362', '数据结构', 'map 运算符重载', '2', '基础');
INSERT INTO `t_order` (`id`, `name`, `broad_knowledge`, `subdivision_knowledge`, `hard`, `master`) VALUES (6309, 'https://pintia.cn/problem-sets/994805046380707840/problems/1386335159927652363', '算法', '模拟', '0', '基础');
INSERT INTO `t_order` (`id`, `name`, `broad_knowledge`, `subdivision_knowledge`, `hard`, `master`) VALUES (6310, 'https://pintia.cn/problem-sets/994805046380707840/problems/1518582268930473984', '算法', '模拟 栈 队列', '2', '基础');
INSERT INTO `t_order` (`id`, `name`, `broad_knowledge`, `subdivision_knowledge`, `hard`, `master`) VALUES (6311, 'https://pintia.cn/problem-sets/994805046380707840/problems/1518582383141380096', '算法', '排序', '1', '基础');
INSERT INTO `t_order` (`id`, `name`, `broad_knowledge`, `subdivision_knowledge`, `hard`, `master`) VALUES (6312, 'https://pintia.cn/problem-sets/994805046380707840/problems/1518582482059845632', '图论', '思维 模拟 树上问题', '3', '基础');
INSERT INTO `t_order` (`id`, `name`, `broad_knowledge`, `subdivision_knowledge`, `hard`, `master`) VALUES (6313, 'https://pintia.cn/problem-sets/994805046380707840/problems/1518582589840875520', '图论', 'floyd', '3', '基础');
INSERT INTO `t_order` (`id`, `name`, `broad_knowledge`, `subdivision_knowledge`, `hard`, `master`) VALUES (6314, 'https://pintia.cn/problem-sets/994805046380707840/problems/1518582784745992192', '图论', '拓扑排序 离散化', '3', '基础');
INSERT INTO `t_order` (`id`, `name`, `broad_knowledge`, `subdivision_knowledge`, `hard`, `master`) VALUES (6315, 'https://pintia.cn/problem-sets/994805046380707840/problems/1336215880692482060', '算法', 'dfs 思维', '3', '基础');
INSERT INTO `t_order` (`id`, `name`, `broad_knowledge`, `subdivision_knowledge`, `hard`, `master`) VALUES (6316, 'https://pintia.cn/problem-sets/994805046380707840/problems/994805049455132672', '图论', 'floyd', '3', '基础');
INSERT INTO `t_order` (`id`, `name`, `broad_knowledge`, `subdivision_knowledge`, `hard`, `master`) VALUES (6317, 'https://pintia.cn/problem-sets/994805046380707840/problems/994805046577840128', '计算几何', '极角排序', '2', '基础');
INSERT INTO `t_order` (`id`, `name`, `broad_knowledge`, `subdivision_knowledge`, `hard`, `master`) VALUES (6318, 'https://www.acwing.com/problem/content/2/', '动态规划', '01背包', '1', '基础');
INSERT INTO `t_order` (`id`, `name`, `broad_knowledge`, `subdivision_knowledge`, `hard`, `master`) VALUES (6319, 'https://www.acwing.com/problem/content/3/', '动态规划', '完全背包', '1', '基础');
INSERT INTO `t_order` (`id`, `name`, `broad_knowledge`, `subdivision_knowledge`, `hard`, `master`) VALUES (6320, 'https://www.acwing.com/problem/content/4/', '动态规划', '多重背包', '1', '基础');
INSERT INTO `t_order` (`id`, `name`, `broad_knowledge`, `subdivision_knowledge`, `hard`, `master`) VALUES (6321, 'https://www.acwing.com/problem/content/5/', '动态规划', '多重背包', '2', '基础');
INSERT INTO `t_order` (`id`, `name`, `broad_knowledge`, `subdivision_knowledge`, `hard`, `master`) VALUES (6322, 'https://www.acwing.com/problem/content/6/', '动态规划', '多重背包', '3', '基础');
INSERT INTO `t_order` (`id`, `name`, `broad_knowledge`, `subdivision_knowledge`, `hard`, `master`) VALUES (6323, 'https://www.acwing.com/problem/content/7/', '动态规划', '混合背包', '2', '基础');
INSERT INTO `t_order` (`id`, `name`, `broad_knowledge`, `subdivision_knowledge`, `hard`, `master`) VALUES (6324, 'https://www.acwing.com/problem/content/8/', '动态规划', '二维费用背包', '1', '基础');
INSERT INTO `t_order` (`id`, `name`, `broad_knowledge`, `subdivision_knowledge`, `hard`, `master`) VALUES (6325, 'https://www.acwing.com/problem/content/9/', '动态规划', '分组背包', '1', '基础');
INSERT INTO `t_order` (`id`, `name`, `broad_knowledge`, `subdivision_knowledge`, `hard`, `master`) VALUES (6326, 'https://www.acwing.com/problem/content/90/', '数据结构', '栈', '0', '基础');
INSERT INTO `t_order` (`id`, `name`, `broad_knowledge`, `subdivision_knowledge`, `hard`, `master`) VALUES (6327, 'https://www.acwing.com/problem/content/75/', '算法', '单调队列', '1', '基础');
INSERT INTO `t_order` (`id`, `name`, `broad_knowledge`, `subdivision_knowledge`, `hard`, `master`) VALUES (6328, 'https://www.acwing.com/problem/content/97/', '算法', '枚举 位运算', '1', '基础');
INSERT INTO `t_order` (`id`, `name`, `broad_knowledge`, `subdivision_knowledge`, `hard`, `master`) VALUES (6329, 'https://www.acwing.com/problem/content/98/', '动态规划', '递推', '2', '基础');
INSERT INTO `t_order` (`id`, `name`, `broad_knowledge`, `subdivision_knowledge`, `hard`, `master`) VALUES (6330, 'https://www.acwing.com/problem/content/101/', '算法', '二维前缀和', '1', '基础');
INSERT INTO `t_order` (`id`, `name`, `broad_knowledge`, `subdivision_knowledge`, `hard`, `master`) VALUES (6331, 'https://www.acwing.com/problem/content/102/', '算法', '差分 思维', '2', '基础');
INSERT INTO `t_order` (`id`, `name`, `broad_knowledge`, `subdivision_knowledge`, `hard`, `master`) VALUES (6332, 'https://www.acwing.com/problem/content/103/', '算法', '差分', '1', '基础');
INSERT INTO `t_order` (`id`, `name`, `broad_knowledge`, `subdivision_knowledge`, `hard`, `master`) VALUES (6333, 'https://www.acwing.com/problem/content/104/', '算法', '二分', '1', '基础');
INSERT INTO `t_order` (`id`, `name`, `broad_knowledge`, `subdivision_knowledge`, `hard`, `master`) VALUES (6334, 'https://www.acwing.com/problem/content/106/', '数学', '排序 不等式', '0', '基础');
INSERT INTO `t_order` (`id`, `name`, `broad_knowledge`, `subdivision_knowledge`, `hard`, `master`) VALUES (6335, 'https://www.acwing.com/problem/content/107/', '数学', '不等式 中位数 思维', '3', '基础');
INSERT INTO `t_order` (`id`, `name`, `broad_knowledge`, `subdivision_knowledge`, `hard`, `master`) VALUES (6336, 'https://www.acwing.com/problem/content/108/', '数据结构', '对顶堆', '1', '基础');
INSERT INTO `t_order` (`id`, `name`, `broad_knowledge`, `subdivision_knowledge`, `hard`, `master`) VALUES (6337, 'https://www.acwing.com/problem/content/109/', '算法', '排序 逆序对', '1', '基础');
INSERT INTO `t_order` (`id`, `name`, `broad_knowledge`, `subdivision_knowledge`, `hard`, `master`) VALUES (6338, 'https://www.acwing.com/problem/content/111/', '算法', '倍增 归并排序', '3', '基础');
INSERT INTO `t_order` (`id`, `name`, `broad_knowledge`, `subdivision_knowledge`, `hard`, `master`) VALUES (6339, 'https://www.acwing.com/problem/content/112/', '算法', '贪心', '1', '基础');
INSERT INTO `t_order` (`id`, `name`, `broad_knowledge`, `subdivision_knowledge`, `hard`, `master`) VALUES (6340, 'https://www.acwing.com/problem/content/113/', '算法', '贪心', '1', '基础');
INSERT INTO `t_order` (`id`, `name`, `broad_knowledge`, `subdivision_knowledge`, `hard`, `master`) VALUES (6341, 'https://www.acwing.com/problem/content/114/', '算法', '贪心 思维', '2', '基础');
INSERT INTO `t_order` (`id`, `name`, `broad_knowledge`, `subdivision_knowledge`, `hard`, `master`) VALUES (6342, 'https://www.acwing.com/problem/content/115/', '算法', '交互 二分', '1', '基础');
INSERT INTO `t_order` (`id`, `name`, `broad_knowledge`, `subdivision_knowledge`, `hard`, `master`) VALUES (6343, 'https://www.acwing.com/problem/content/116/', '算法', '贪心 排序', '2', '基础');
INSERT INTO `t_order` (`id`, `name`, `broad_knowledge`, `subdivision_knowledge`, `hard`, `master`) VALUES (6344, 'https://www.acwing.com/problem/content/117/', '图论', '贪心 思维 公式推导', '3', '基础');
INSERT INTO `t_order` (`id`, `name`, `broad_knowledge`, `subdivision_knowledge`, `hard`, `master`) VALUES (6345, 'https://www.acwing.com/problem/content/118/', '算法', '枚举', '1', '基础');
INSERT INTO `t_order` (`id`, `name`, `broad_knowledge`, `subdivision_knowledge`, `hard`, `master`) VALUES (6346, 'https://www.acwing.com/problem/content/122/', '算法', '前缀和 二分', '2', '基础');
INSERT INTO `t_order` (`id`, `name`, `broad_knowledge`, `subdivision_knowledge`, `hard`, `master`) VALUES (6347, 'https://www.acwing.com/problem/content/123/', '算法', '离散化 二维前缀和 二分', '3', '基础');
INSERT INTO `t_order` (`id`, `name`, `broad_knowledge`, `subdivision_knowledge`, `hard`, `master`) VALUES (6348, 'https://www.acwing.com/problem/content/127/', '算法', '贪心 排序', '2', '基础');
INSERT INTO `t_order` (`id`, `name`, `broad_knowledge`, `subdivision_knowledge`, `hard`, `master`) VALUES (6349, 'https://www.acwing.com/problem/content/128/', '算法', '暴力 模拟', '1', '基础');
INSERT INTO `t_order` (`id`, `name`, `broad_knowledge`, `subdivision_knowledge`, `hard`, `master`) VALUES (6350, 'https://www.acwing.com/problem/content/129/', '算法 数据结构', '贪心 排序 mutiset', '3', '基础');
INSERT INTO `t_order` (`id`, `name`, `broad_knowledge`, `subdivision_knowledge`, `hard`, `master`) VALUES (6351, 'https://www.acwing.com/problem/content/136/', '算法', '思维 贪心 排序', '3', '基础');
INSERT INTO `t_order` (`id`, `name`, `broad_knowledge`, `subdivision_knowledge`, `hard`, `master`) VALUES (6352, 'https://www.acwing.com/problem/content/137/', '算法', '双指针', '1', '基础');
INSERT INTO `t_order` (`id`, `name`, `broad_knowledge`, `subdivision_knowledge`, `hard`, `master`) VALUES (6353, 'https://www.acwing.com/problem/content/138/', '数据结构', '链表 模拟 排序', '2', '基础');
INSERT INTO `t_order` (`id`, `name`, `broad_knowledge`, `subdivision_knowledge`, `hard`, `master`) VALUES (6354, 'https://www.acwing.com/problem/content/142/', '字符串', '快速排序 哈希 二分', '3', '基础');
INSERT INTO `t_order` (`id`, `name`, `broad_knowledge`, `subdivision_knowledge`, `hard`, `master`) VALUES (6355, 'https://www.acwing.com/problem/content/143/', '字符串', 'kmp', '1', '基础');
INSERT INTO `t_order` (`id`, `name`, `broad_knowledge`, `subdivision_knowledge`, `hard`, `master`) VALUES (6356, 'https://www.acwing.com/problem/content/144/', '字符串', 'trie', '1', '基础');
INSERT INTO `t_order` (`id`, `name`, `broad_knowledge`, `subdivision_knowledge`, `hard`, `master`) VALUES (6357, 'https://www.acwing.com/problem/content/145/', '字符串', '01-trie', '1', '基础');
INSERT INTO `t_order` (`id`, `name`, `broad_knowledge`, `subdivision_knowledge`, `hard`, `master`) VALUES (6358, 'https://www.acwing.com/problem/content/146/', '字符串', '01-trie', '2', '基础');
INSERT INTO `t_order` (`id`, `name`, `broad_knowledge`, `subdivision_knowledge`, `hard`, `master`) VALUES (6359, 'https://www.acwing.com/problem/content/147/', '算法', '贪心 优先队列', '1', '基础');
INSERT INTO `t_order` (`id`, `name`, `broad_knowledge`, `subdivision_knowledge`, `hard`, `master`) VALUES (6360, 'https://www.acwing.com/problem/content/148/', '数据结构', '思维 优先队列', '2', '基础');
INSERT INTO `t_order` (`id`, `name`, `broad_knowledge`, `subdivision_knowledge`, `hard`, `master`) VALUES (6361, 'https://www.acwing.com/problem/content/158/', '字符串', '二维哈希', '2', '基础');
INSERT INTO `t_order` (`id`, `name`, `broad_knowledge`, `subdivision_knowledge`, `hard`, `master`) VALUES (6362, 'https://www.acwing.com/problem/content/208/', '动态规划', '思维 递推 矩阵快速幂', '3', '基础');
INSERT INTO `t_order` (`id`, `name`, `broad_knowledge`, `subdivision_knowledge`, `hard`, `master`) VALUES (6363, 'https://www.acwing.com/problem/content/209/', '数学', '高斯消元', '2', '基础');
INSERT INTO `t_order` (`id`, `name`, `broad_knowledge`, `subdivision_knowledge`, `hard`, `master`) VALUES (6364, 'https://www.acwing.com/problem/content/212/', '数学', '线性基', '2', '基础');
INSERT INTO `t_order` (`id`, `name`, `broad_knowledge`, `subdivision_knowledge`, `hard`, `master`) VALUES (6365, 'https://www.acwing.com/problem/content/237/', '博弈论', 'sg函数', '1', '基础');
INSERT INTO `t_order` (`id`, `name`, `broad_knowledge`, `subdivision_knowledge`, `hard`, `master`) VALUES (6366, 'https://www.acwing.com/problem/content/313/', '动态规划', '数位DP', '2', '基础');
INSERT INTO `t_order` (`id`, `name`, `broad_knowledge`, `subdivision_knowledge`, `hard`, `master`) VALUES (6367, 'https://www.acwing.com/problem/content/4412/', '算法', '思维 贪心 优先队列', '2', '基础');
COMMIT;

-- ----------------------------
-- Table structure for user
-- ----------------------------
DROP TABLE IF EXISTS `user`;
CREATE TABLE `user` (
  `id` int(11) NOT NULL AUTO_INCREMENT COMMENT 'ID',
  `username` varchar(255) COLLATE utf8mb4_unicode_ci DEFAULT NULL COMMENT '用户名',
  `password` varchar(255) COLLATE utf8mb4_unicode_ci DEFAULT NULL COMMENT '密码',
  `nick_name` varchar(255) COLLATE utf8mb4_unicode_ci DEFAULT NULL COMMENT '昵称',
  `age` int(11) DEFAULT NULL COMMENT '年龄',
  `sex` varchar(255) COLLATE utf8mb4_unicode_ci DEFAULT NULL COMMENT '性别',
  `address` varchar(255) COLLATE utf8mb4_unicode_ci DEFAULT NULL COMMENT '班级',
  `avatar` varchar(255) COLLATE utf8mb4_unicode_ci DEFAULT NULL COMMENT '头像',
  PRIMARY KEY (`id`) USING BTREE
) ENGINE=InnoDB AUTO_INCREMENT=36 DEFAULT CHARSET=utf8mb4 COLLATE=utf8mb4_unicode_ci ROW_FORMAT=DYNAMIC COMMENT='用户信息表';

-- ----------------------------
-- Records of user
-- ----------------------------
BEGIN;
INSERT INTO `user` (`id`, `username`, `password`, `nick_name`, `age`, `sex`, `address`, `avatar`) VALUES (1, 'admin', '$2a$10$.cxJ637DYA1PRSzfPmBO0efS1W2eTQefS51b83Nr5xgRNAW0ffgjO', '管理员', 23, '男', '计科1803', 'http://localhost:9090/files/888f2d39d0724816a738a716d56ad58a');
INSERT INTO `user` (`id`, `username`, `password`, `nick_name`, `age`, `sex`, `address`, `avatar`) VALUES (13, 'zhang', '$2a$10$h6gfZRMvGFjjQH6HrQf.Q.fvu3jjMc0cv/sGpSanobht5iwCFbucS', '张三', 20, '女', '计科1802', 'http://localhost:9090/files/ce976aa905b44754bf92b475beecca51');
INSERT INTO `user` (`id`, `username`, `password`, `nick_name`, `age`, `sex`, `address`, `avatar`) VALUES (14, 'wang', '$2a$10$h6gfZRMvGFjjQH6HrQf.Q.fvu3jjMc0cv/sGpSanobht5iwCFbucS', '王梦晨', 24, '女', '软工1802', 'http://localhost:9090/files/8c4d09d3120b4888a95fa5500e3c047f');
INSERT INTO `user` (`id`, `username`, `password`, `nick_name`, `age`, `sex`, `address`, `avatar`) VALUES (15, 'li', '$2a$10$h6gfZRMvGFjjQH6HrQf.Q.fvu3jjMc0cv/sGpSanobht5iwCFbucS', '李雪', 22, '女', '计科1801', NULL);
INSERT INTO `user` (`id`, `username`, `password`, `nick_name`, `age`, `sex`, `address`, `avatar`) VALUES (18, 'xiaolian', '$2a$10$B0bD2D6kHx2QysI6FjvLIeV2lRiokZYVmLMwkNPpxtRQg/PejyPbi', '小连', 20, '男', '计科1803', NULL);
COMMIT;

-- ----------------------------
-- Table structure for user_order
-- ----------------------------
DROP TABLE IF EXISTS `user_order`;
CREATE TABLE `user_order` (
  `user_id` int(11) NOT NULL COMMENT '学生id',
  `order_id` int(11) NOT NULL COMMENT '题目id',
  `time` varchar(255) DEFAULT NULL COMMENT '提交时间',
  PRIMARY KEY (`user_id`,`order_id`)
) ENGINE=InnoDB DEFAULT CHARSET=latin1;

-- ----------------------------
-- Records of user_order
-- ----------------------------
BEGIN;
INSERT INTO `user_order` (`user_id`, `order_id`, `time`) VALUES (13, 5106, '2022-06-22 16:15:17');
INSERT INTO `user_order` (`user_id`, `order_id`, `time`) VALUES (13, 5109, '2022-06-24 12:58:40');
INSERT INTO `user_order` (`user_id`, `order_id`, `time`) VALUES (13, 5111, '2022-06-22 16:16:42');
INSERT INTO `user_order` (`user_id`, `order_id`, `time`) VALUES (13, 5113, '2022-06-23 23:19:53');
INSERT INTO `user_order` (`user_id`, `order_id`, `time`) VALUES (13, 5116, '2022-06-23 23:19:55');
INSERT INTO `user_order` (`user_id`, `order_id`, `time`) VALUES (13, 5130, '2022-06-23 23:19:58');
INSERT INTO `user_order` (`user_id`, `order_id`, `time`) VALUES (13, 5133, '2022-06-23 23:20:00');
INSERT INTO `user_order` (`user_id`, `order_id`, `time`) VALUES (13, 5160, '2022-06-24 12:57:37');
INSERT INTO `user_order` (`user_id`, `order_id`, `time`) VALUES (13, 5163, '2022-06-24 12:57:34');
INSERT INTO `user_order` (`user_id`, `order_id`, `time`) VALUES (13, 5165, '2022-06-24 12:57:31');
INSERT INTO `user_order` (`user_id`, `order_id`, `time`) VALUES (13, 6332, '2022-06-23 23:20:45');
INSERT INTO `user_order` (`user_id`, `order_id`, `time`) VALUES (13, 6334, '2022-06-23 23:20:46');
INSERT INTO `user_order` (`user_id`, `order_id`, `time`) VALUES (13, 6335, '2022-06-23 23:20:47');
INSERT INTO `user_order` (`user_id`, `order_id`, `time`) VALUES (13, 6336, '2022-06-23 23:20:49');
INSERT INTO `user_order` (`user_id`, `order_id`, `time`) VALUES (13, 6344, '2022-06-23 23:20:57');
INSERT INTO `user_order` (`user_id`, `order_id`, `time`) VALUES (13, 6345, '2022-06-23 23:20:58');
INSERT INTO `user_order` (`user_id`, `order_id`, `time`) VALUES (14, 5109, '2022-06-22 16:17:36');
INSERT INTO `user_order` (`user_id`, `order_id`, `time`) VALUES (14, 5113, '2022-06-22 16:17:39');
COMMIT;

-- ----------------------------
-- Table structure for user_role
-- ----------------------------
DROP TABLE IF EXISTS `user_role`;
CREATE TABLE `user_role` (
  `user_id` int(11) NOT NULL COMMENT '用户id',
  `role_id` int(11) NOT NULL COMMENT '角色id',
  `time` varchar(255) COLLATE utf8mb4_unicode_ci DEFAULT NULL COMMENT '提交时间',
  PRIMARY KEY (`user_id`,`role_id`) USING BTREE
) ENGINE=InnoDB DEFAULT CHARSET=utf8mb4 COLLATE=utf8mb4_unicode_ci ROW_FORMAT=DYNAMIC;

-- ----------------------------
-- Records of user_role
-- ----------------------------
BEGIN;
INSERT INTO `user_role` (`user_id`, `role_id`, `time`) VALUES (1, 1, NULL);
INSERT INTO `user_role` (`user_id`, `role_id`, `time`) VALUES (13, 2, NULL);
INSERT INTO `user_role` (`user_id`, `role_id`, `time`) VALUES (14, 2, NULL);
INSERT INTO `user_role` (`user_id`, `role_id`, `time`) VALUES (15, 2, NULL);
INSERT INTO `user_role` (`user_id`, `role_id`, `time`) VALUES (17, 2, NULL);
INSERT INTO `user_role` (`user_id`, `role_id`, `time`) VALUES (18, 2, NULL);
COMMIT;

SET FOREIGN_KEY_CHECKS = 1;
